,id,idade,renda,categoria,nota,feedback,cidade_Belo Horizonte,cidade_Rio de Janeiro,cidade_São Paulo,cidade_Vitória,cidade_nan
0,1,1.3856128336477307,0.4174971877681714,B,-6.18078179323637e-16,Bom,1.0,0.0,0.0,0.0,0.0
1,2,0.5083966756546185,-1.1166575157810616,B,-1.5783599541872662,Ruim,1.0,0.0,0.0,0.0,0.0
2,3,-0.4941360763375096,-2.2348596584505556e-16,B,-0.2561610415955769,Regular,0.0,0.0,0.0,1.0,0.0
3,4,0.1324468936575705,-0.9326927242727625,B,-1.3347969966045865,Bom,0.0,0.0,1.0,0.0,0.0
4,5,0.8216881606521586,0.07945273009984795,A,1.2052167039005002,,0.0,1.0,0.0,0.0,0.0
5,6,0.6337132696536346,0.15045508965735488,B,1.0660378709961116,Regular,0.0,0.0,1.0,0.0,0.0
6,7,-0.9327441553340656,-1.0240288621773315,B,-0.46492929095215957,Regular,1.0,0.0,0.0,0.0,0.0
7,8,-1.4340105313301297,0.653715489433604,B,-0.186571625143383,Bom,0.0,1.0,0.0,0.0,0.0
8,9,-1.3713522343306217,-1.0099733682625043,B,0.9964484545439177,Regular,0.0,0.0,0.0,1.0,0.0
9,10,0.8216881606521586,0.11148058109387958,A,1.4139849532570825,Bom,1.0,0.0,0.0,0.0,0.0
10,11,1.3229545366482227,-0.045678024554829756,B,0.19617016534368503,Regular,0.0,0.0,1.0,0.0,0.0
11,12,-0.36881948233849354,0.14314967297749778,A,-1.126028747248004,Ruim,0.0,0.0,1.0,0.0,0.0
12,13,0.38308008165560253,-0.3306040185943375,A,0.7528854969612382,Bom,0.0,0.0,1.0,0.0,0.0
13,14,-1.3086939373311137,1.0558746231903327,A,1.44877966148318,Ruim,1.0,0.0,0.0,0.0,0.0
14,15,1.5109294276467466,-0.48164651858675234,A,-6.18078179323637e-16,Ruim,0.0,0.0,0.0,1.0,0.0
15,16,0.5710549726541265,-0.35421823127292007,A,1.483574369709277,Bom,1.0,0.0,0.0,0.0,0.0
16,17,-1.2460356403316057,0.5109907948435829,A,0.9616537463178207,Regular,0.0,0.0,1.0,0.0,0.0
17,18,1.1349796456496986,0.184601093755334,B,0.19617016534368503,Bom,0.0,0.0,0.0,1.0,0.0
18,19,0.0697885966580625,-1.1829173747694044,B,-1.1956181637001981,Ruim,1.0,0.0,0.0,0.0,0.0
19,20,-1.5593271253291456,-1.3172407173148812,A,-0.6736975403087418,Regular,0.0,0.0,1.0,0.0,0.0
20,21,-1.4340105313301297,1.3427541343036669,A,-0.3953398744999653,Regular,0.0,1.0,0.0,0.0,0.0
21,22,-0.8700858583345576,0.9538838311573206,B,-1.2304128719262952,Bom,0.0,1.0,0.0,0.0,0.0
22,23,-1.3086939373311137,-0.7201598956571588,A,1.170421995674403,Regular,0.0,1.0,0.0,0.0,0.0
23,24,-0.18084459133996955,0.396082217581507,A,-0.6041081238565478,Bom,1.0,0.0,0.0,0.0,0.0
24,25,0.1324468936575705,1.3402379060224112,B,-0.7780816649870332,Regular,1.0,0.0,0.0,0.0,0.0
25,26,-1.1207190463325898,0.2161153786255546,B,-1.126028747248004,Bom,1.0,0.0,0.0,0.0,0.0
26,27,0.5083966756546185,-0.6297575143413368,A,1.0312431627700147,Ruim,1.0,0.0,0.0,0.0,0.0
27,28,-1.1833773433320978,-0.8412902405053087,B,-1.64794937063946,Regular,0.0,0.0,0.0,1.0,0.0
28,29,-1.1833773433320978,0.511076798739915,A,-1.2304128719262952,Regular,1.0,0.0,0.0,0.0,0.0
29,30,0.32042178465609455,-0.8828522377212862,B,-1.5783599541872662,Regular,0.0,0.0,1.0,0.0,0.0
30,31,-0.6194526703365256,1.1833889144004965,B,0.5789119558307527,Bom,1.0,0.0,0.0,0.0,0.0
31,32,1.4482711306472387,-0.6300007825052473,B,1.5879584943875678,Regular,1.0,0.0,0.0,0.0,0.0
32,33,-0.24350288833947756,-0.256458830939442,A,1.1008325792222093,Ruim,0.0,0.0,1.0,0.0,0.0
33,34,0.7590298636526506,1.375536362331239,A,-0.8476710814392273,Ruim,0.0,0.0,0.0,1.0,0.0
34,35,-0.24350288833947756,-0.7207742092023872,A,1.518369077935374,Bom,0.0,0.0,0.0,1.0,0.0
35,36,-0.05552799734095352,0.8035416486064664,A,-1.2652075801523923,Regular,0.0,1.0,0.0,0.0,0.0
36,37,-0.4314777793380016,-1.141212856810934,B,-0.3953398744999653,Regular,0.0,1.0,0.0,0.0,0.0
37,38,-1.6846437193281618,0.7698870953446699,A,-1.3695917048306834,Ruim,0.0,0.0,0.0,1.0,0.0
38,39,-0.30616118533898556,-0.6046443766123969,A,0.2657595817958793,Regular,1.0,0.0,0.0,0.0,0.0
39,40,0.0071302996585544875,-1.3290945114836097,B,-1.5435652459611688,Bom,0.0,0.0,1.0,0.0,0.0
40,41,-0.9954024523335736,-0.33211768716978063,A,-0.3953398744999653,Ruim,0.0,0.0,0.0,1.0,0.0
41,42,-0.5567943733370176,0.9619706546667082,A,-1.0912340390219069,Ruim,0.0,0.0,1.0,0.0,0.0
42,43,1.2602962396487147,-0.2932881566029793,A,0.4745278311524616,Bom,0.0,0.0,1.0,0.0,0.0
43,44,1.3856128336477307,-1.371206933636112,B,-6.18078179323637e-16,Bom,1.0,0.0,0.0,0.0,0.0
44,45,-0.18084459133996955,1.319783722220484,A,-1.4043864130567807,Ruim,0.0,0.0,0.0,1.0,0.0
45,46,-0.4941360763375096,-0.6200390740558224,A,1.1008325792222093,Bom,0.0,0.0,1.0,0.0,0.0
46,47,-0.6194526703365256,-1.1840894850137005,B,-0.3605451662738684,Ruim,0.0,1.0,0.0,0.0,0.0
47,48,0.5083966756546185,1.2258576384092312,B,-0.29095574982167416,Bom,0.0,1.0,0.0,0.0,0.0
48,49,-0.4941360763375096,1.3825739383053763,B,0.056991332439296605,Ruim,0.0,0.0,0.0,1.0,0.0
49,50,1.5109294276467466,0.47048295967121734,B,-0.4301345827260624,Bom,0.0,1.0,0.0,0.0,0.0
50,51,-1.6219854223286538,-0.6665966690215978,A,0.5441172476046559,Ruim,0.0,0.0,1.0,0.0,0.0
51,52,0.2577634876565865,1.218795489893285,A,-1.3347969966045865,Regular,0.0,1.0,0.0,0.0,0.0
52,53,-0.8700858583345576,1.2546787726971704,B,0.5441172476046559,Regular,0.0,0.0,0.0,1.0,0.0
53,54,-0.6194526703365256,0.8858375483794533,A,-1.4391811212828776,Ruim,0.0,0.0,0.0,1.0,0.0
54,55,-0.6194526703365256,0.04143900792111018,B,0.8920643298656266,Regular,1.0,0.0,0.0,0.0,0.0
55,56,0.32042178465609455,-0.0818242335560731,B,0.022196624213199654,Bom,0.0,1.0,0.0,0.0,0.0
56,57,0.6963715666531426,-0.844875374355262,B,-0.22136633336947995,Ruim,0.0,0.0,1.0,0.0,0.0
57,58,-1.2460356403316057,0.7633876580361526,B,0.61370666405685,Regular,0.0,0.0,1.0,0.0,0.0
58,59,-0.7447692643355416,0.8080261374866342,B,0.648501372282947,Regular,0.0,0.0,0.0,1.0,0.0
59,60,1.1349796456496986,-1.4204601364383498,A,-1.3000022883784894,Regular,0.0,0.0,0.0,1.0,0.0
60,61,0.38308008165560253,0.18044833418958964,B,0.3353489982480732,Bom,0.0,1.0,0.0,0.0,0.0
61,62,-0.36881948233849354,-0.7611124938362696,A,0.43973312292636463,Ruim,1.0,0.0,0.0,0.0,0.0
62,63,-0.05552799734095352,-0.2126484461479283,B,-0.11698220869118878,Ruim,0.0,0.0,1.0,0.0,0.0
63,64,0.0071302996585544875,-0.6516983369227168,B,1.3096008285787917,Ruim,0.0,0.0,0.0,1.0,0.0
64,65,1.5735877246462546,-1.1335634245457489,B,0.230964873569782,Ruim,0.0,1.0,0.0,0.0,0.0
65,66,0.7590298636526506,-0.5303566682150084,B,-1.0564393307958098,Regular,0.0,0.0,0.0,1.0,0.0
66,67,-0.6194526703365256,-0.8892607566251096,B,-0.3953398744999653,Bom,0.0,0.0,0.0,1.0,0.0
67,68,0.5710549726541265,-0.37135512193061343,B,1.3443955368048885,Regular,0.0,0.0,1.0,0.0,0.0
68,69,-0.24350288833947756,0.6623846821838684,B,0.16137545711758777,Ruim,0.0,0.0,1.0,0.0,0.0
69,70,1.5735877246462546,-1.0487095231704306,B,-0.4997239991782565,Ruim,0.0,0.0,0.0,1.0,0.0
70,71,0.9470047546511746,0.5286068500665546,A,0.12658074889149082,Bom,0.0,1.0,0.0,0.0,0.0
71,72,0.6963715666531426,-1.1158392501388172,A,1.4139849532570825,Ruim,0.0,0.0,0.0,1.0,0.0
72,73,1.1976379426492068,-0.5912941146474918,A,-0.32575045804777114,Regular,0.0,0.0,0.0,1.0,0.0
73,74,0.5710549726541265,-0.31235644904687115,B,-0.15177691691728573,Regular,0.0,0.0,1.0,0.0,0.0
74,75,-1.2460356403316057,1.0840052690534348,B,-1.613154662413363,Ruim,0.0,1.0,0.0,0.0,0.0
75,76,1.1976379426492068,0.31350864808607654,B,1.3791902450309854,Ruim,1.0,0.0,0.0,0.0,0.0
76,77,0.7590298636526506,-0.2090633122979749,A,0.648501372282947,Regular,0.0,0.0,0.0,1.0,0.0
77,78,-1.0580607493330816,-0.001410590485666187,A,0.8920643298656266,Ruim,0.0,1.0,0.0,0.0,0.0
78,79,-1.3086939373311137,0.10079152540690417,A,-0.32575045804777114,Bom,0.0,1.0,0.0,0.0,0.0
79,80,-0.05552799734095352,-0.7188526364329124,B,0.16137545711758777,Bom,0.0,0.0,0.0,1.0,0.0
80,81,0.44573837865511057,0.7830579777543685,A,1.240011412126597,Bom,0.0,0.0,1.0,0.0,0.0
81,82,0.0697885966580625,1.2991477016091688,B,-1.0564393307958098,Bom,1.0,0.0,0.0,0.0,0.0
82,83,-1.4340105313301297,1.1790322027377365,B,-1.3695917048306834,Ruim,0.0,0.0,1.0,0.0,0.0
83,84,0.2577634876565865,1.2043075192426167,B,-0.012598084012897609,Bom,0.0,0.0,1.0,0.0,0.0
84,85,-0.6194526703365256,-0.06612729384839518,B,-0.5693134156304507,Ruim,1.0,0.0,0.0,0.0,0.0
85,86,-1.3086939373311137,-0.5182571486281883,A,-1.613154662413363,Regular,1.0,0.0,0.0,0.0,0.0
86,87,1.0096630516506826,-1.412980254711648,A,0.8224749134134324,Regular,0.0,0.0,0.0,1.0,0.0
87,88,1.1349796456496986,-1.2460958370148816,B,0.37014370647417044,Regular,0.0,1.0,0.0,0.0,0.0
88,89,-1.4340105313301297,-0.8573459393234,B,0.2657595817958793,Regular,0.0,0.0,1.0,0.0,0.0
89,90,0.19510519065707851,0.42870226683313883,B,-0.2561610415955769,Regular,0.0,0.0,0.0,1.0,0.0
90,91,-1.3713522343306217,0.5260463912100424,A,-1.160823455474101,Ruim,0.0,1.0,0.0,0.0,0.0
91,92,-0.8700858583345576,-1.2103968482745644,A,-1.2652075801523923,Regular,1.0,0.0,0.0,0.0,0.0
92,93,0.8843464576516666,-0.4760710088502588,A,-0.638902832082645,Ruim,0.0,0.0,1.0,0.0,0.0
93,94,1.0723213486501906,0.49765527640376306,B,-1.126028747248004,Ruim,0.0,0.0,0.0,1.0,0.0
94,95,0.0697885966580625,-0.18083929077599808,A,-0.6041081238565478,Bom,1.0,0.0,0.0,0.0,0.0
95,96,-0.30616118533898556,0.34916094899695616,A,-0.11698220869118878,Regular,0.0,0.0,1.0,0.0,0.0
96,97,-0.11818629434046153,0.5502822891963958,B,1.483574369709277,Ruim,0.0,0.0,0.0,1.0,0.0
97,98,-1.3086939373311137,0.4014513179668035,B,-1.2304128719262952,Ruim,0.0,0.0,0.0,1.0,0.0
98,99,-0.8700858583345576,1.199810744091544,A,-1.0912340390219069,Regular,0.0,1.0,0.0,0.0,0.0
99,100,-0.8074275613350497,0.25508497268066793,B,1.1356272874483062,Regular,0.0,0.0,0.0,1.0,0.0
100,101,-1.0580607493330816,0.7813428143360902,A,-1.126028747248004,Regular,0.0,0.0,1.0,0.0,0.0
101,102,0.19510519065707851,0.5925790054124668,A,-0.2561610415955769,Bom,1.0,0.0,0.0,0.0,0.0
102,103,-0.6194526703365256,0.7978285326358415,B,-0.7432869567609361,Bom,0.0,0.0,0.0,1.0,0.0
103,104,-0.05552799734095352,0.3789084681110996,A,-0.3605451662738684,Regular,1.0,0.0,0.0,0.0,0.0
104,105,0.1324468936575705,-0.24721955521920588,A,-1.1956181637001981,Ruim,0.0,0.0,1.0,0.0,0.0
105,106,-1.3713522343306217,0.6244864509516332,B,-1.2652075801523923,Bom,1.0,0.0,0.0,0.0,0.0
106,107,0.2577634876565865,-0.8812402789786067,A,-0.29095574982167416,Regular,0.0,0.0,0.0,1.0,0.0
107,108,0.9470047546511746,-1.001731737739719,A,0.12658074889149082,Bom,1.0,0.0,0.0,0.0,0.0
108,109,1.3229545366482227,-0.7704844612822751,A,0.9616537463178207,Bom,1.0,0.0,0.0,0.0,0.0
109,110,1.1349796456496986,0.5201833827343817,B,-1.4043864130567807,Regular,1.0,0.0,0.0,0.0,0.0
110,111,0.38308008165560253,-0.8700081701176493,A,-0.708492248534839,Bom,0.0,1.0,0.0,0.0,0.0
111,112,0.5083966756546185,1.3896754028882172,B,0.3353489982480732,Regular,0.0,0.0,0.0,1.0,0.0
112,113,-0.8074275613350497,-0.060650074279138134,A,0.230964873569782,Bom,0.0,1.0,0.0,0.0,0.0
113,114,0.8216881606521586,-1.121377901062597,A,0.6832960805090439,Regular,0.0,0.0,1.0,0.0,0.0
114,115,-0.05552799734095352,-0.8103583248759647,A,0.056991332439296605,Ruim,0.0,0.0,1.0,0.0,0.0
115,116,1.2602962396487147,-1.3737182474090057,A,0.43973312292636463,Ruim,1.0,0.0,0.0,0.0,0.0
116,117,1.5735877246462546,0.8669658362700348,A,0.2657595817958793,Ruim,0.0,1.0,0.0,0.0,0.0
117,118,-1.5593271253291456,0.9743650447552379,A,-1.4739758295089747,Ruim,0.0,0.0,1.0,0.0,0.0
118,119,-0.5567943733370176,1.3822274654658675,A,1.2748061203526946,Regular,1.0,0.0,0.0,0.0,0.0
119,120,-1.6219854223286538,0.26226015488893667,B,-0.9520552061175186,Bom,0.0,1.0,0.0,0.0,0.0
120,121,-0.24350288833947756,0.011627600198262991,A,-0.08218750046509152,Regular,0.0,1.0,0.0,0.0,0.0
121,122,-1.6846437193281618,-1.3960080000840758,A,1.518369077935374,Regular,0.0,0.0,1.0,0.0,0.0
122,123,1.1976379426492068,0.6807698579654661,A,-0.6736975403087418,Regular,0.0,0.0,1.0,0.0,0.0
123,124,-1.1207190463325898,-0.7572619765347776,B,-0.638902832082645,Bom,0.0,0.0,0.0,1.0,0.0
124,125,-0.4314777793380016,1.1764545431019577,B,-0.9520552061175186,Ruim,0.0,0.0,0.0,0.0,1.0
125,126,0.8843464576516666,-0.9108452773502572,A,-0.5345187074043536,Regular,1.0,0.0,0.0,0.0,0.0
126,127,-0.8700858583345576,-1.4293971698943335,B,1.6227532026136653,Regular,0.0,0.0,1.0,0.0,0.0
127,128,-0.24350288833947756,1.0784911906714638,B,-0.638902832082645,Bom,0.0,1.0,0.0,0.0,0.0
128,129,0.6337132696536346,-1.0995279968859106,B,-1.1956181637001981,Regular,1.0,0.0,0.0,0.0,0.0
129,130,-0.8074275613350497,0.6773690181790812,B,0.7876802051873354,Ruim,0.0,0.0,0.0,1.0,0.0
130,131,-0.4314777793380016,-0.1792863061336606,A,-0.6736975403087418,Ruim,0.0,1.0,0.0,0.0,0.0
131,132,-1.1833773433320978,0.733328067641033,B,1.4139849532570825,Bom,0.0,0.0,0.0,1.0,0.0
132,133,-0.11818629434046153,-0.35545423012591965,B,-1.5435652459611688,Bom,1.0,0.0,0.0,0.0,0.0
133,134,-1.6846437193281618,-0.02973290217487969,B,0.37014370647417044,Regular,0.0,1.0,0.0,0.0,0.0
134,135,1.5735877246462546,0.3531810168369314,B,-0.5345187074043536,Ruim,1.0,0.0,0.0,0.0,0.0
135,136,-0.9327441553340656,-1.3845301658050269,A,0.2657595817958793,Ruim,0.0,1.0,0.0,0.0,0.0
136,137,1.6989043186452708,-0.20308235562163046,A,-1.0564393307958098,Bom,1.0,0.0,0.0,0.0,0.0
137,138,0.0071302996585544875,1.1612023664010254,A,1.518369077935374,Ruim,0.0,0.0,1.0,0.0,0.0
138,139,1.0096630516506826,0.9209001082869136,A,0.19617016534368503,Regular,1.0,0.0,0.0,0.0,0.0
139,140,-0.8074275613350497,-0.24265643420524866,A,-1.4739758295089747,Bom,0.0,1.0,0.0,0.0,0.0
140,141,-1.6846437193281618,1.089521804689586,B,0.9964484545439177,Regular,0.0,1.0,0.0,0.0,0.0
141,142,0.7590298636526506,0.7133727064378316,A,-1.1956181637001981,Ruim,0.0,0.0,1.0,0.0,0.0
142,143,0.9470047546511746,1.1009554083933786,B,-0.08218750046509152,Regular,1.0,0.0,0.0,0.0,0.0
143,144,1.6362460216457628,0.39496170967500993,B,-1.4739758295089747,Ruim,0.0,1.0,0.0,0.0,0.0
144,145,-0.24350288833947756,-1.1417460809681923,A,-1.7175387870916543,Regular,1.0,0.0,0.0,0.0,0.0
145,146,-1.4966688283296377,-1.2113330621174925,B,-0.5693134156304507,Ruim,0.0,0.0,1.0,0.0,0.0
146,147,1.0723213486501906,-2.2348596584505556e-16,A,-0.708492248534839,Bom,0.0,0.0,0.0,1.0,0.0
147,148,0.19510519065707851,-1.3572325291092546,A,0.8920643298656266,Bom,0.0,1.0,0.0,0.0,0.0
148,149,0.6337132696536346,0.41755124736015137,A,-1.4391811212828776,Ruim,1.0,0.0,0.0,0.0,0.0
149,150,0.7590298636526506,-1.4154252226216573,A,0.5093225393785585,Ruim,1.0,0.0,0.0,0.0,0.0
150,151,-0.4314777793380016,0.7506025645328579,B,-0.3953398744999653,Ruim,0.0,1.0,0.0,0.0,0.0
151,152,0.6337132696536346,-0.8684527282211308,A,1.3791902450309854,Ruim,0.0,0.0,1.0,0.0,0.0
152,153,-0.4314777793380016,-1.341267748695857,B,1.3443955368048885,Ruim,0.0,0.0,1.0,0.0,0.0
153,154,1.5735877246462546,-1.2156234279173683,A,-0.11698220869118878,,0.0,1.0,0.0,0.0,0.0
154,155,0.19510519065707851,0.11043624806699118,B,0.37014370647417044,Bom,1.0,0.0,0.0,0.0,0.0
155,156,-0.05552799734095352,-0.18737804415140988,A,0.43973312292636463,Bom,0.0,1.0,0.0,0.0,0.0
156,157,1.3229545366482227,-1.1828117128396252,A,1.0312431627700147,Bom,0.0,1.0,0.0,0.0,0.0
157,158,-1.3086939373311137,1.054063626858999,B,1.5531637861614709,Bom,0.0,0.0,1.0,0.0,0.0
158,159,-0.05552799734095352,0.6251105935135856,B,-1.2304128719262952,Bom,0.0,0.0,0.0,1.0,0.0
159,160,-0.4941360763375096,-1.212834444422031,A,-0.32575045804777114,Bom,0.0,0.0,0.0,1.0,0.0
160,161,0.6963715666531426,1.3516002493549568,A,1.3096008285787917,Regular,0.0,0.0,1.0,0.0,0.0
161,162,-0.30616118533898556,-0.5493758155752818,A,0.9616537463178207,Regular,0.0,1.0,0.0,0.0,0.0
162,163,0.32042178465609455,1.0018125739560462,B,-0.32575045804777114,Ruim,0.0,0.0,1.0,0.0,0.0
163,164,0.8843464576516666,-0.818226452763251,B,-0.8128763732131303,Bom,1.0,0.0,0.0,0.0,0.0
164,165,-1.1833773433320978,0.9479864211231273,B,1.6575479108397624,Bom,1.0,0.0,0.0,0.0,0.0
165,166,0.0697885966580625,-0.8926984552242081,B,-1.64794937063946,Bom,0.0,1.0,0.0,0.0,0.0
166,167,0.2577634876565865,-1.4476963417795994,A,-0.7432869567609361,Ruim,0.0,0.0,1.0,0.0,0.0
167,168,0.32042178465609455,0.6519954115069644,A,0.09178604066539386,Regular,1.0,0.0,0.0,0.0,0.0
168,169,0.0697885966580625,0.5179964265133684,A,-1.3000022883784894,Regular,0.0,0.0,0.0,1.0,0.0
169,170,1.6989043186452708,0.7307700660387016,A,-0.4997239991782565,Regular,1.0,0.0,0.0,0.0,0.0
170,171,-0.4314777793380016,-0.13038449067929328,A,-0.4997239991782565,Ruim,1.0,0.0,0.0,0.0,0.0
171,172,-1.6219854223286538,-0.1231503343706827,A,0.6832960805090439,Regular,0.0,0.0,0.0,1.0,0.0
172,173,1.1976379426492068,-1.1506904861867189,A,1.5879584943875678,Regular,0.0,0.0,0.0,1.0,0.0
173,174,1.1976379426492068,-0.2828571126049999,B,-6.18078179323637e-16,Regular,1.0,0.0,0.0,0.0,0.0
174,175,1.3229545366482227,1.1883083372706862,A,-0.4301345827260624,Bom,0.0,1.0,0.0,0.0,0.0
175,176,0.5083966756546185,-0.4381064317551393,A,0.9964484545439177,Bom,0.0,1.0,0.0,0.0,0.0
176,177,1.2602962396487147,-0.9525891113756222,B,-0.46492929095215957,Bom,0.0,1.0,0.0,0.0,0.0
177,178,-0.6821109673360336,0.3657228421763157,A,-0.4997239991782565,Ruim,1.0,0.0,0.0,0.0,0.0
178,179,-0.9327441553340656,0.26275406297930043,A,-0.08218750046509152,Ruim,0.0,0.0,0.0,1.0,0.0
179,180,1.5109294276467466,-0.8834370642163436,A,0.3005542900219762,Ruim,0.0,0.0,1.0,0.0,0.0
180,181,-1.1207190463325898,0.36239326276117756,B,-0.5693134156304507,Ruim,0.0,0.0,1.0,0.0,0.0
181,182,-1.4340105313301297,0.9674429597276035,A,-0.3605451662738684,Regular,0.0,0.0,0.0,1.0,0.0
182,183,0.6963715666531426,-0.8673961089233378,A,-0.46492929095215957,Bom,0.0,0.0,1.0,0.0,0.0
183,184,0.19510519065707851,-1.2346401180234607,A,0.43973312292636463,Regular,1.0,0.0,0.0,0.0,0.0
184,185,-1.1207190463325898,-1.4064021852693414,B,-0.8476710814392273,Bom,0.0,0.0,1.0,0.0,0.0
185,186,0.9470047546511746,1.0792922555344417,B,-0.29095574982167416,Bom,1.0,0.0,0.0,0.0,0.0
186,187,-1.3713522343306217,-1.4399338758220923,B,1.1356272874483062,Bom,0.0,0.0,0.0,1.0,0.0
187,188,-0.36881948233849354,-0.9384549853270056,B,0.7876802051873354,Bom,0.0,0.0,1.0,0.0,0.0
188,189,-1.4966688283296377,-1.0356099011319788,B,-0.012598084012897609,Bom,0.0,1.0,0.0,0.0,0.0
189,190,0.8843464576516666,-2.2348596584505556e-16,A,-0.4301345827260624,Bom,0.0,0.0,1.0,0.0,0.0
190,191,-0.36881948233849354,-0.06455956568097208,A,0.5093225393785585,Ruim,1.0,0.0,0.0,0.0,0.0
191,192,-0.9327441553340656,-0.3326287960394107,A,-1.4739758295089747,Ruim,0.0,0.0,1.0,0.0,0.0
192,193,1.6362460216457628,-0.8613070330630331,B,0.43973312292636463,Bom,0.0,1.0,0.0,0.0,0.0
193,194,1.3229545366482227,0.9107958790949959,B,0.7180907887351412,Ruim,0.0,1.0,0.0,0.0,0.0
194,195,0.0071302996585544875,-0.3580441760326029,A,-1.3000022883784894,Regular,0.0,1.0,0.0,0.0,0.0
195,196,-1.1833773433320978,1.2996686394955228,B,0.3353489982480732,Bom,0.0,0.0,0.0,1.0,0.0
196,197,-0.05552799734095352,-0.5413577951829598,B,-0.9868499143436157,Regular,0.0,1.0,0.0,0.0,0.0
197,198,-0.18084459133996955,1.1563173450893682,A,0.022196624213199654,Bom,0.0,0.0,0.0,1.0,0.0
198,199,-1.5593271253291456,1.2404512709896791,B,1.6575479108397624,Ruim,1.0,0.0,0.0,0.0,0.0
199,200,0.8216881606521586,0.9301934435991298,A,-0.11698220869118878,Bom,0.0,1.0,0.0,0.0,0.0
200,201,0.6337132696536346,0.7231083475026121,B,-1.3347969966045865,Ruim,0.0,0.0,0.0,1.0,0.0
201,202,0.5083966756546185,-0.6517081659394405,B,0.230964873569782,Ruim,0.0,1.0,0.0,0.0,0.0
202,203,-0.36881948233849354,0.4505374274847393,B,0.5093225393785585,Regular,0.0,1.0,0.0,0.0,0.0
203,204,-0.24350288833947756,0.4074199883722435,B,0.5789119558307527,Regular,0.0,0.0,0.0,1.0,0.0
204,205,-0.4314777793380016,0.29920988600733855,B,-0.012598084012897609,Bom,0.0,1.0,0.0,0.0,0.0
205,206,-1.4340105313301297,1.2004987752622003,A,-0.5345187074043536,Regular,1.0,0.0,0.0,0.0,0.0
206,207,0.44573837865511057,-0.5156524591964197,A,-0.11698220869118878,Ruim,1.0,0.0,0.0,0.0,0.0
207,208,-0.8700858583345576,-1.2483687971322268,A,1.483574369709277,Regular,0.0,0.0,0.0,1.0,0.0
208,209,-1.1207190463325898,-1.1893136074023234,A,-1.2652075801523923,Bom,0.0,0.0,1.0,0.0,0.0
209,210,1.3229545366482227,0.8486322628262362,B,1.170421995674403,Bom,1.0,0.0,0.0,0.0,0.0
210,211,0.6963715666531426,0.08915151235191512,A,-0.9868499143436157,Regular,0.0,0.0,0.0,1.0,0.0
211,212,-1.6846437193281618,0.7984526751977938,A,-0.22136633336947995,Regular,0.0,1.0,0.0,0.0,0.0
212,213,0.38308008165560253,0.7072295709855468,A,-1.160823455474101,Ruim,1.0,0.0,0.0,0.0,0.0
213,214,0.5083966756546185,-0.26342268928815193,B,1.3791902450309854,Bom,1.0,0.0,0.0,0.0,0.0
214,215,0.32042178465609455,0.7646261141433334,B,1.6575479108397624,Regular,0.0,0.0,0.0,1.0,0.0
215,216,0.6337132696536346,0.5857724113313352,B,-0.7432869567609361,Bom,0.0,0.0,1.0,0.0,0.0
216,217,-1.1207190463325898,-1.425013428435583,A,-0.708492248534839,Bom,0.0,0.0,1.0,0.0,0.0
217,218,0.5710549726541265,1.061452590181007,A,1.5531637861614709,Regular,0.0,0.0,0.0,1.0,0.0
218,219,1.5109294276467466,0.7732977641477783,A,1.170421995674403,Bom,0.0,0.0,0.0,1.0,0.0
219,220,-0.9327441553340656,-0.9272327054827718,B,-1.0564393307958098,Ruim,0.0,1.0,0.0,0.0,0.0
220,221,1.5735877246462546,0.3720576434547118,A,-1.613154662413363,,0.0,0.0,1.0,0.0,0.0
221,222,-0.18084459133996955,-1.2208721228478003,B,0.7876802051873354,Regular,1.0,0.0,0.0,0.0,0.0
222,223,1.1349796456496986,-0.4213061849202311,A,-0.11698220869118878,Bom,1.0,0.0,0.0,0.0,0.0
223,224,-1.2460356403316057,-0.8429292290439783,A,0.5789119558307527,Bom,0.0,0.0,0.0,1.0,0.0
224,225,-0.36881948233849354,1.2026144711119673,B,0.19617016534368503,Regular,0.0,0.0,0.0,1.0,0.0
225,226,1.3229545366482227,1.1743314754896483,B,-0.3953398744999653,Ruim,0.0,0.0,0.0,1.0,0.0
226,227,0.0071302996585544875,1.071465900968231,B,-0.3953398744999653,Ruim,0.0,0.0,1.0,0.0,0.0
227,228,-1.2460356403316057,0.6829813867282886,B,-0.6041081238565478,Regular,0.0,1.0,0.0,0.0,0.0
228,229,-0.8700858583345576,0.6241129483161346,A,-0.6041081238565478,Regular,1.0,0.0,0.0,0.0,0.0
229,230,-0.5567943733370176,1.3239119092444191,A,0.8572696216395294,Bom,1.0,0.0,0.0,0.0,0.0
230,231,-1.6846437193281618,-1.4464972017393134,B,0.16137545711758777,Bom,1.0,0.0,0.0,0.0,0.0
231,232,0.6337132696536346,-1.330195361356659,B,1.0660378709961116,Ruim,0.0,1.0,0.0,0.0,0.0
232,233,-1.6846437193281618,0.8196440352539952,A,0.19617016534368503,Bom,1.0,0.0,0.0,0.0,0.0
233,234,-1.4340105313301297,1.1802632870823744,A,-1.3000022883784894,Regular,0.0,0.0,0.0,1.0,0.0
234,235,0.32042178465609455,-0.0483122010367695,A,-0.11698220869118878,Ruim,1.0,0.0,0.0,0.0,0.0
235,236,0.32042178465609455,-0.23058640166859967,B,1.3791902450309854,Regular,0.0,0.0,0.0,1.0,0.0
236,237,1.3229545366482227,-2.2348596584505556e-16,B,-0.32575045804777114,Bom,0.0,1.0,0.0,0.0,0.0
237,238,1.0723213486501906,-1.3988608721881168,A,-0.5693134156304507,Ruim,1.0,0.0,0.0,0.0,0.0
238,239,-0.4314777793380016,-0.2759104550355563,B,0.056991332439296605,Ruim,0.0,0.0,0.0,1.0,0.0
239,240,0.38308008165560253,-0.21245186581345515,B,0.8920643298656266,Regular,0.0,0.0,0.0,1.0,0.0
240,241,-1.1833773433320978,0.89292672669139,A,0.9964484545439177,Bom,0.0,0.0,1.0,0.0,0.0
241,242,-0.24350288833947756,0.7722165723081762,B,1.4139849532570825,Ruim,0.0,0.0,0.0,1.0,0.0
242,243,1.6362460216457628,0.3648750894839006,B,-1.4739758295089747,Bom,0.0,0.0,0.0,1.0,0.0
243,244,-0.24350288833947756,0.9694849379519428,A,-1.3695917048306834,Bom,0.0,0.0,0.0,1.0,0.0
244,245,-1.0580607493330816,-0.8787633667642454,A,-1.0912340390219069,Regular,0.0,0.0,1.0,0.0,0.0
245,246,-1.6846437193281618,-1.353450814924828,B,-0.9172604978914215,Ruim,0.0,0.0,1.0,0.0,0.0
246,247,-0.4314777793380016,-0.012414174707798506,A,0.3353489982480732,Ruim,1.0,0.0,0.0,0.0,0.0
247,248,-1.4340105313301297,0.7343896014471878,B,0.09178604066539386,Ruim,0.0,0.0,1.0,0.0,0.0
248,249,-0.4941360763375096,-1.1813521038561623,A,-1.3695917048306834,Ruim,1.0,0.0,0.0,0.0,0.0
249,250,1.1976379426492068,1.1815533455273541,A,1.3791902450309854,Regular,0.0,0.0,0.0,1.0,0.0
250,251,0.38308008165560253,0.5131630075395107,B,-0.4997239991782565,Ruim,0.0,1.0,0.0,0.0,0.0
251,252,0.38308008165560253,-0.9287906046334713,A,-0.04739279223899456,Bom,0.0,0.0,0.0,1.0,0.0
252,253,1.0723213486501906,-1.0628731362692183,B,1.170421995674403,Regular,0.0,0.0,1.0,0.0,0.0
253,254,1.2602962396487147,0.4685908739519139,B,-1.1956181637001981,Bom,0.0,0.0,0.0,1.0,0.0
254,255,-0.9954024523335736,-1.4268932278839823,B,-1.2304128719262952,Bom,0.0,0.0,1.0,0.0,0.0
255,256,0.8843464576516666,-1.4167226528291796,,1.5879584943875678,Bom,0.0,1.0,0.0,0.0,0.0
256,257,0.5710549726541265,0.39564728359148515,A,0.19617016534368503,Regular,0.0,1.0,0.0,0.0,0.0
257,258,1.6362460216457628,0.2158647386991015,B,-1.0564393307958098,Bom,0.0,0.0,1.0,0.0,0.0
258,259,0.8216881606521586,-1.1512433683774246,A,-1.6827440788655572,Bom,0.0,0.0,1.0,0.0,0.0
259,260,-0.7447692643355416,-0.375131921606678,B,1.3443955368048885,Bom,0.0,0.0,1.0,0.0,0.0
260,261,0.0,-1.0363126758277201,B,-0.11698220869118878,Bom,0.0,1.0,0.0,0.0,0.0
261,262,1.1349796456496986,-0.7782346409688775,A,0.4745278311524616,Regular,0.0,0.0,1.0,0.0,0.0
262,263,-0.9954024523335736,-0.9073436901424549,A,-0.5345187074043536,Bom,1.0,0.0,0.0,0.0,0.0
263,264,-0.30616118533898556,-0.5423529831262299,B,1.5879584943875678,Ruim,0.0,0.0,1.0,0.0,0.0
264,265,-0.18084459133996955,1.3413043543369279,A,1.240011412126597,Bom,0.0,1.0,0.0,0.0,0.0
265,266,-0.6821109673360336,-0.06974191474851951,A,-1.126028747248004,Ruim,1.0,0.0,0.0,0.0,0.0
266,267,-0.24350288833947756,0.5945226934695697,B,0.5789119558307527,Regular,0.0,1.0,0.0,0.0,0.0
267,268,0.0071302996585544875,-0.9239031260676336,A,0.7876802051873354,Ruim,0.0,0.0,1.0,0.0,0.0
268,269,0.1324468936575705,-0.8727774955795393,B,0.7180907887351412,Regular,0.0,1.0,0.0,0.0,0.0
269,270,1.1976379426492068,1.0086240825455393,A,-0.3605451662738684,Ruim,0.0,1.0,0.0,0.0,0.0
270,271,-1.1833773433320978,1.2079123111260175,B,1.6923426190658593,Ruim,0.0,0.0,1.0,0.0,0.0
271,272,0.0071302996585544875,0.2665382344179077,B,1.1356272874483062,Ruim,1.0,0.0,0.0,0.0,0.0
272,273,-0.4314777793380016,0.5096638775858895,B,-1.7175387870916543,Ruim,0.0,1.0,0.0,0.0,0.0
273,274,-0.24350288833947756,-1.0938394534570952,A,0.5441172476046559,Ruim,0.0,0.0,1.0,0.0,0.0
274,275,-1.1833773433320978,-0.6206484730926891,B,0.4745278311524616,Bom,1.0,0.0,0.0,0.0,0.0
275,276,1.0723213486501906,0.18679296448470922,A,1.240011412126597,Regular,0.0,0.0,1.0,0.0,0.0
276,277,1.4482711306472387,1.0106439454822504,B,-1.4043864130567807,Regular,1.0,0.0,0.0,0.0,0.0
277,278,-0.4941360763375096,-0.7486124418179607,B,-1.3695917048306834,Ruim,0.0,1.0,0.0,0.0,0.0
278,279,0.2577634876565865,-1.3476836393622231,B,1.6227532026136653,Ruim,1.0,0.0,0.0,0.0,0.0
279,280,-0.30616118533898556,-0.8805203035035989,A,-0.7432869567609361,Bom,1.0,0.0,0.0,0.0,0.0
280,281,1.3856128336477307,-0.2318174860132376,A,-0.5693134156304507,Regular,0.0,1.0,0.0,0.0,0.0
281,282,1.1976379426492068,0.7369918336247756,B,-0.22136633336947995,Bom,0.0,1.0,0.0,0.0,0.0
282,283,-0.11818629434046153,-1.4332354009249213,B,-1.508770537735072,Ruim,0.0,1.0,0.0,0.0,0.0
283,284,0.2577634876565865,0.9201285304741068,A,-0.8476710814392273,Bom,1.0,0.0,0.0,0.0,0.0
284,285,0.32042178465609455,0.5400257102452612,B,-0.638902832082645,Regular,1.0,0.0,0.0,0.0,0.0
285,286,-1.6846437193281618,1.3150240208720536,B,-0.22136633336947995,Regular,1.0,0.0,0.0,0.0,0.0
286,287,0.6963715666531426,-0.5188124880730749,A,-0.29095574982167416,Ruim,0.0,1.0,0.0,0.0,0.0
287,288,-0.11818629434046153,0.08358828888632601,B,1.5531637861614709,Ruim,1.0,0.0,0.0,0.0,0.0
288,289,0.44573837865511057,-1.295439958221813,A,0.5789119558307527,Bom,0.0,0.0,0.0,1.0,0.0
289,290,-0.30616118533898556,0.5297101571937849,B,1.1008325792222093,Regular,0.0,0.0,1.0,0.0,0.0
290,291,-0.24350288833947756,1.0366294084454148,A,-0.7780816649870332,,0.0,0.0,1.0,0.0,0.0
291,292,-1.3713522343306217,-0.20639719151168348,A,-0.3605451662738684,Bom,1.0,0.0,0.0,0.0,0.0
292,293,-0.8074275613350497,-0.581386465790047,A,0.5093225393785585,Regular,0.0,0.0,1.0,0.0,0.0
293,294,0.19510519065707851,0.042397337051666734,A,1.3791902450309854,Regular,0.0,0.0,0.0,0.0,1.0
294,295,1.5109294276467466,-0.7253029286578114,A,-1.7523334953177514,Regular,0.0,1.0,0.0,0.0,0.0
295,296,0.6963715666531426,-0.49716162148504267,B,-1.7175387870916543,Regular,0.0,0.0,1.0,0.0,0.0
296,297,0.19510519065707851,-0.809721896043108,A,-0.04739279223899456,Regular,0.0,1.0,0.0,0.0,0.0
297,298,1.4482711306472387,0.031034993719120753,A,-0.012598084012897609,Regular,1.0,0.0,0.0,0.0,0.0
298,299,-0.11818629434046153,-1.1447463883230882,A,-6.18078179323637e-16,Regular,0.0,1.0,0.0,0.0,0.0
299,300,-1.3713522343306217,0.6315584284843035,B,-0.22136633336947995,Bom,0.0,1.0,0.0,0.0,0.0
300,301,0.0697885966580625,-0.366858346779541,B,1.240011412126597,Regular,0.0,0.0,1.0,0.0,0.0
301,302,-1.2460356403316057,-0.8803605819818394,A,-0.8824657896653244,Ruim,0.0,0.0,0.0,1.0,0.0
302,303,1.3856128336477307,-1.107334693418674,B,-1.4043864130567807,Regular,1.0,0.0,0.0,0.0,0.0
303,304,1.1976379426492068,0.14044915063267346,A,-1.5783599541872662,Bom,0.0,0.0,1.0,0.0,0.0
304,305,1.5735877246462546,-1.2890953279266935,A,1.6575479108397624,,0.0,0.0,1.0,0.0,0.0
305,306,0.38308008165560253,0.17173736811824997,A,1.1356272874483062,Ruim,0.0,0.0,0.0,1.0,0.0
306,307,1.6989043186452708,0.5458813469583791,A,-0.9172604978914215,Bom,0.0,0.0,0.0,1.0,0.0
307,308,-0.9954024523335736,-0.47349580646866096,A,0.8572696216395294,Bom,0.0,0.0,0.0,1.0,0.0
308,309,0.0071302996585544875,-0.12775031419735355,B,0.4745278311524616,Regular,0.0,1.0,0.0,0.0,0.0
309,310,1.2602962396487147,-1.0457485318824296,B,0.9964484545439177,Ruim,0.0,1.0,0.0,0.0,0.0
310,311,1.4482711306472387,-1.2094630916858173,A,0.61370666405685,Regular,0.0,0.0,0.0,1.0,0.0
311,312,-1.0580607493330816,-0.07204436191603579,B,0.5789119558307527,Bom,0.0,0.0,1.0,0.0,0.0
312,313,0.38308008165560253,-1.183180300966762,B,-1.3000022883784894,Ruim,0.0,1.0,0.0,0.0,0.0
313,314,0.32042178465609455,-0.35151770892809575,A,-0.8824657896653244,Regular,1.0,0.0,0.0,0.0,0.0
314,315,-1.4340105313301297,0.7765855702418413,A,0.5093225393785585,Ruim,1.0,0.0,0.0,0.0,0.0
315,316,-1.3713522343306217,-1.1020589686922522,A,-1.126028747248004,Bom,0.0,0.0,0.0,1.0,0.0
316,317,-0.7447692643355416,-1.13687334592744,A,1.3791902450309854,Ruim,1.0,0.0,0.0,0.0,0.0
317,318,-0.36881948233849354,-1.3839993989019495,B,0.3005542900219762,Ruim,0.0,0.0,0.0,1.0,0.0
318,319,0.9470047546511746,-1.1997741384504739,A,0.19617016534368503,Bom,0.0,0.0,1.0,0.0,0.0
319,320,0.0071302996585544875,1.171203390917345,A,-0.4301345827260624,Bom,0.0,0.0,1.0,0.0,0.0
320,321,-1.6846437193281618,1.1797521782127443,A,-1.7523334953177514,Regular,0.0,0.0,0.0,1.0,0.0
321,322,1.0723213486501906,-1.201563019494179,B,0.61370666405685,Bom,0.0,0.0,0.0,1.0,0.0
322,323,-1.0580607493330816,-0.7137440049907925,B,1.170421995674403,Bom,0.0,0.0,0.0,0.0,1.0
323,324,-0.7447692643355416,1.1254149165101957,B,1.3096008285787917,Ruim,0.0,0.0,0.0,1.0,0.0
324,325,1.4482711306472387,1.2122493647553303,B,-1.1956181637001981,Bom,0.0,1.0,0.0,0.0,0.0
325,326,-0.24350288833947756,0.8623511129182784,A,-0.9868499143436157,Bom,1.0,0.0,0.0,0.0,0.0
326,327,1.0096630516506826,0.15520741924324213,A,-1.508770537735072,Ruim,0.0,0.0,0.0,1.0,0.0
327,328,-0.8074275613350497,-1.3345741883070477,A,-0.2561610415955769,Ruim,0.0,0.0,1.0,0.0,0.0
328,329,0.8216881606521586,-0.04944745246835169,A,1.518369077935374,Ruim,0.0,0.0,0.0,1.0,0.0
329,330,0.0697885966580625,-0.2273280826247078,B,0.61370666405685,Bom,0.0,0.0,1.0,0.0,0.0
330,331,-1.2460356403316057,-0.07921217236176162,A,1.6575479108397624,Regular,1.0,0.0,0.0,0.0,0.0
331,332,1.3229545366482227,-0.6188595920489839,,-0.2561610415955769,Bom,1.0,0.0,0.0,0.0,0.0
332,333,1.3856128336477307,-0.013972073858497944,A,-0.186571625143383,Ruim,1.0,0.0,0.0,0.0,0.0
333,334,0.9470047546511746,0.04000888598781837,A,-1.4739758295089747,Bom,1.0,0.0,0.0,0.0,0.0
334,335,-2.436543283322258,9.362015439987038,A,2.075084409552927,Regular,1.0,0.0,0.0,0.0,0.0
335,336,0.5710549726541265,0.3174918571133382,B,0.6832960805090439,Regular,0.0,1.0,0.0,0.0,0.0
336,337,1.2602962396487147,-0.9142313736115565,B,0.5093225393785585,Ruim,0.0,0.0,0.0,1.0,0.0
337,338,0.44573837865511057,0.9107737638073677,B,-1.0912340390219069,Bom,0.0,1.0,0.0,0.0,0.0
338,339,-0.6821109673360336,1.3215455734681993,B,0.9616537463178207,Ruim,1.0,0.0,0.0,0.0,0.0
339,340,0.1324468936575705,-0.15298385738115836,A,-1.6827440788655572,Bom,1.0,0.0,0.0,0.0,0.0
340,341,-1.3086939373311137,-0.930997218887932,B,-1.613154662413363,Regular,1.0,0.0,0.0,0.0,0.0
341,342,-1.3713522343306217,-1.2897317567595503,A,-0.6736975403087418,Regular,0.0,0.0,1.0,0.0,0.0
342,343,-1.3713522343306217,-0.4389246973973836,A,1.2748061203526946,Ruim,0.0,0.0,0.0,1.0,0.0
343,344,0.8843464576516666,-0.9545327994327252,B,-0.6041081238565478,Regular,0.0,0.0,0.0,1.0,0.0
344,345,0.7590298636526506,-0.3959153774688477,A,0.056991332439296605,Bom,0.0,0.0,1.0,0.0,0.0
345,346,-0.5567943733370176,0.33251550917544553,A,-0.08218750046509152,Regular,0.0,1.0,0.0,0.0,0.0
346,347,0.2577634876565865,-1.3508657835265065,B,-0.32575045804777114,Ruim,0.0,0.0,1.0,0.0,0.0
347,348,-1.0580607493330816,0.22927888927271045,B,1.0312431627700147,Ruim,0.0,0.0,1.0,0.0,0.0
348,349,-0.9327441553340656,-0.004722969121537998,B,0.2657595817958793,Regular,1.0,0.0,0.0,0.0,0.0
349,350,0.6337132696536346,-1.2669874120610112,A,-0.22136633336947995,Regular,0.0,1.0,0.0,0.0,0.0
350,351,-1.6219854223286538,0.4099263876367754,A,1.3791902450309854,Ruim,0.0,0.0,1.0,0.0,0.0
351,352,0.19510519065707851,-1.185490119896821,,0.7180907887351412,Bom,0.0,1.0,0.0,0.0,0.0
352,353,0.44573837865511057,1.4063945603351555,A,-0.08218750046509152,Ruim,1.0,0.0,0.0,0.0,0.0
353,354,0.0071302996585544875,-0.8130318174247989,B,-1.6827440788655572,Regular,0.0,0.0,0.0,1.0,0.0
354,355,1.1349796456496986,1.0450307604899594,B,0.9616537463178207,Regular,1.0,0.0,0.0,0.0,0.0
355,356,0.44573837865511057,-1.2227175207376666,A,-1.5783599541872662,Bom,1.0,0.0,0.0,0.0,0.0
356,357,-1.1833773433320978,0.9050975066494565,A,0.40493841470026737,Regular,0.0,0.0,1.0,0.0,0.0
357,358,-0.18084459133996955,1.253268308797326,A,1.44877966148318,Bom,1.0,0.0,0.0,0.0,0.0
358,359,-0.11818629434046153,-1.300207031332786,A,-1.7871282035438485,Ruim,1.0,0.0,0.0,0.0,0.0
359,360,1.0723213486501906,1.0363099654018961,A,-0.8824657896653244,Ruim,0.0,0.0,1.0,0.0,0.0
360,361,1.0723213486501906,-1.0569437819306733,B,1.0312431627700147,Bom,0.0,0.0,0.0,1.0,0.0
361,362,-1.1207190463325898,0.07844771313985414,A,0.16137545711758777,Ruim,0.0,0.0,1.0,0.0,0.0
362,363,0.32042178465609455,-0.11362355991127966,A,-0.32575045804777114,Bom,0.0,1.0,0.0,0.0,0.0
363,364,-1.1207190463325898,0.10342570188884392,A,0.4745278311524616,Bom,0.0,1.0,0.0,0.0,0.0
364,365,1.5735877246462546,-0.6691743286573764,A,-0.29095574982167416,Regular,0.0,0.0,0.0,1.0,0.0
365,366,-0.11818629434046153,-0.09160410519611041,B,0.7180907887351412,Bom,1.0,0.0,0.0,0.0,0.0
366,367,-1.6846437193281618,-0.05899634221538297,A,-1.4391811212828776,Bom,0.0,0.0,1.0,0.0,0.0
367,368,0.7590298636526506,0.0874314344252754,B,-1.613154662413363,Regular,0.0,0.0,1.0,0.0,0.0
368,369,-0.24350288833947756,-1.4304685327172122,A,-0.9868499143436157,Bom,1.0,0.0,0.0,0.0,0.0
369,370,-1.5593271253291456,0.9505567089963635,B,-1.4043864130567807,Bom,1.0,0.0,0.0,0.0,0.0
370,371,0.8216881606521586,-1.0799043649971327,B,1.2748061203526946,Ruim,1.0,0.0,0.0,0.0,0.0
371,372,-0.8700858583345576,0.924205115160243,A,1.1008325792222093,Regular,0.0,0.0,0.0,1.0,0.0
372,373,1.2602962396487147,0.18197674629011815,A,0.6832960805090439,Regular,0.0,0.0,0.0,1.0,0.0
373,374,-0.30616118533898556,-0.830952572166204,B,1.3791902450309854,Bom,0.0,0.0,1.0,0.0,0.0
374,375,1.4482711306472387,1.1379665708663038,B,0.022196624213199654,Regular,1.0,0.0,0.0,0.0,0.0
375,376,0.9470047546511746,0.26618930432421795,A,0.16137545711758777,Regular,1.0,0.0,0.0,0.0,0.0
376,377,0.9470047546511746,0.14787251551321431,A,-1.2652075801523923,Ruim,0.0,1.0,0.0,0.0,0.0
377,378,1.4482711306472387,-0.09323326471805612,A,-1.0912340390219069,Ruim,0.0,1.0,0.0,0.0,0.0
378,379,1.4482711306472387,-0.541809929952248,B,-1.3347969966045865,Regular,0.0,1.0,0.0,0.0,0.0
379,380,0.8843464576516666,1.2231890603687592,,-0.22136633336947995,Regular,0.0,1.0,0.0,0.0,0.0
380,381,0.7590298636526506,1.418319614875131,B,-0.22136633336947995,Regular,0.0,0.0,1.0,0.0,0.0
381,382,0.8216881606521586,-0.8787265079515318,B,1.1008325792222093,Ruim,1.0,0.0,0.0,0.0,0.0
382,383,-1.6846437193281618,-0.6711376747479267,B,0.5789119558307527,Ruim,1.0,0.0,0.0,0.0,0.0
383,384,0.6337132696536346,-1.0150377691293677,A,1.483574369709277,Regular,1.0,0.0,0.0,0.0,0.0
384,385,0.44573837865511057,1.4039692504585934,A,1.6575479108397624,Regular,0.0,0.0,0.0,1.0,0.0
385,386,1.3229545366482227,0.8217179577826866,A,-1.1956181637001981,Ruim,1.0,0.0,0.0,0.0,0.0
386,387,-0.4314777793380016,-1.0973017245980028,A,-0.08218750046509152,Regular,0.0,0.0,1.0,0.0,0.0
387,388,0.8216881606521586,-1.3194252162817135,B,0.16137545711758777,Regular,0.0,1.0,0.0,0.0,0.0
388,389,-1.4966688283296377,1.0007633264207958,B,-0.5693134156304507,Bom,0.0,0.0,0.0,1.0,0.0
389,390,-0.9327441553340656,-0.1413168145301791,A,0.3005542900219762,Regular,0.0,0.0,1.0,0.0,0.0
390,391,-1.2460356403316057,-1.3519543471286515,A,1.6227532026136653,Regular,0.0,1.0,0.0,0.0,0.0
391,392,0.9470047546511746,-1.290793290565705,B,0.5441172476046559,Regular,1.0,0.0,0.0,0.0,0.0
392,393,0.1324468936575705,-1.1597552968601101,A,-1.126028747248004,Ruim,1.0,0.0,0.0,0.0,0.0
393,394,-0.05552799734095352,1.227155068616754,A,-1.160823455474101,Ruim,0.0,0.0,0.0,0.0,1.0
394,395,1.2602962396487147,0.10655870096950913,B,0.022196624213199654,Ruim,0.0,0.0,0.0,1.0,0.0
395,396,0.1324468936575705,-0.018434447451037526,B,0.09178604066539386,Bom,0.0,0.0,0.0,1.0,0.0
396,397,-0.05552799734095352,1.2746267621378293,B,-1.7523334953177514,Regular,1.0,0.0,0.0,0.0,0.0
397,398,-0.6821109673360336,1.3062983112756283,A,0.5441172476046559,Ruim,1.0,0.0,0.0,0.0,0.0
398,399,-1.3713522343306217,-1.252641962152836,B,-1.7175387870916543,Bom,1.0,0.0,0.0,0.0,0.0
399,400,0.0071302996585544875,0.8362378727377068,A,-0.012598084012897609,Bom,0.0,0.0,1.0,0.0,0.0
400,401,-1.0580607493330816,0.14872272545981052,A,-0.708492248534839,Bom,0.0,0.0,0.0,1.0,0.0
401,402,-1.5593271253291456,0.9793999585719304,A,1.5879584943875678,Ruim,0.0,0.0,0.0,1.0,0.0
402,403,1.6362460216457628,-0.808724250845657,B,0.9964484545439177,Bom,1.0,0.0,0.0,0.0,0.0
403,404,0.0,0.034551324452008626,B,0.6832960805090439,Regular,0.0,0.0,1.0,0.0,0.0
404,405,1.0096630516506826,-0.5859348432789185,A,-1.4043864130567807,Ruim,0.0,1.0,0.0,0.0,0.0
405,406,1.0096630516506826,-0.6938549896504757,A,1.3791902450309854,Ruim,0.0,1.0,0.0,0.0,0.0
406,407,0.9470047546511746,-0.18898017387736582,B,1.3443955368048885,Regular,0.0,1.0,0.0,0.0,0.0
407,408,0.6963715666531426,0.7817949491053784,B,0.7180907887351412,Ruim,1.0,0.0,0.0,0.0,0.0
408,409,1.5109294276467466,0.9174599524336342,B,-0.8128763732131303,Bom,0.0,0.0,1.0,0.0,0.0
409,410,-0.5567943733370176,0.17874791429639722,A,-0.29095574982167416,Regular,1.0,0.0,0.0,0.0,0.0
410,411,-0.8700858583345576,0.8855893657071809,B,0.9616537463178207,Ruim,0.0,1.0,0.0,0.0,0.0
411,412,0.44573837865511057,0.09945969364084883,A,-1.0216446225697127,Ruim,1.0,0.0,0.0,0.0,0.0
412,413,1.3229545366482227,-0.5313567706666403,A,1.3096008285787917,Bom,0.0,1.0,0.0,0.0,0.0
413,414,0.7590298636526506,1.4129677152691003,A,-0.22136633336947995,Bom,0.0,0.0,1.0,0.0,0.0
414,415,0.44573837865511057,-0.44856450554910865,A,1.5879584943875678,Bom,0.0,0.0,1.0,0.0,0.0
415,416,-0.9327441553340656,0.9627692622755052,B,0.4745278311524616,Regular,0.0,0.0,0.0,1.0,0.0
416,417,-0.7447692643355416,-0.973910705903412,B,-0.708492248534839,Ruim,1.0,0.0,0.0,0.0,0.0
417,418,-0.8700858583345576,-0.8561861153500087,A,0.9268590380917235,Bom,0.0,1.0,0.0,0.0,0.0
418,419,0.8216881606521586,-1.1305410019032252,B,-0.638902832082645,Ruim,0.0,0.0,0.0,1.0,0.0
419,420,-0.18084459133996955,0.9643738492556421,B,-0.6736975403087418,Regular,0.0,1.0,0.0,0.0,0.0
420,421,0.0071302996585544875,0.09240491688744505,A,-0.8824657896653244,Ruim,0.0,0.0,1.0,0.0,0.0
421,422,-0.05552799734095352,-0.986951353841522,B,-1.126028747248004,Ruim,0.0,0.0,0.0,1.0,0.0
422,423,-1.2460356403316057,1.1513733496773697,A,0.5789119558307527,Bom,0.0,1.0,0.0,0.0,0.0
423,424,-0.36881948233849354,0.014060281837367648,A,-1.4043864130567807,Regular,1.0,0.0,0.0,0.0,0.0
424,425,-1.1207190463325898,0.10626628772198025,B,-0.29095574982167416,Ruim,0.0,0.0,1.0,0.0,0.0
425,426,0.0697885966580625,0.04359893434613348,B,-0.638902832082645,Regular,0.0,1.0,0.0,0.0,0.0
426,427,0.6337132696536346,0.5896278431411891,A,1.3096008285787917,Ruim,0.0,0.0,0.0,1.0,0.0
427,428,-0.36881948233849354,-1.3179164622146324,A,0.5093225393785585,Regular,1.0,0.0,0.0,0.0,0.0
428,429,1.1349796456496986,-1.0629984562324448,A,-1.613154662413363,Bom,1.0,0.0,0.0,0.0,0.0
429,430,-0.7447692643355416,-0.8690866997998066,B,-0.7432869567609361,Regular,0.0,1.0,0.0,0.0,0.0
430,431,0.5083966756546185,0.18753259799316435,A,-0.186571625143383,Bom,0.0,0.0,1.0,0.0,0.0
431,432,-0.9954024523335736,-0.7646828841611374,B,0.16137545711758777,Regular,1.0,0.0,0.0,0.0,0.0
432,433,0.6337132696536346,-0.07108849003966021,A,-0.11698220869118878,Ruim,0.0,1.0,0.0,0.0,0.0
433,434,-0.6194526703365256,1.229838390182312,A,0.43973312292636463,Ruim,0.0,1.0,0.0,0.0,0.0
434,435,-0.6194526703365256,0.9628380653925709,B,-0.46492929095215957,Bom,0.0,1.0,0.0,0.0,0.0
435,436,0.38308008165560253,0.010030384980668964,A,-1.3695917048306834,Ruim,1.0,0.0,0.0,0.0,0.0
436,437,-1.5593271253291456,-1.3237155820815891,A,0.3353489982480732,Regular,1.0,0.0,0.0,0.0,0.0
437,438,1.6989043186452708,-0.5923237041492946,B,0.7528854969612382,Regular,0.0,0.0,0.0,0.0,1.0
438,439,1.5109294276467466,1.0064469553412494,B,0.7528854969612382,Ruim,1.0,0.0,0.0,0.0,0.0
439,440,0.8216881606521586,1.051839811825272,A,-0.3605451662738684,Ruim,0.0,1.0,0.0,0.0,0.0
440,441,0.7590298636526506,-0.3962839655959848,B,-1.6827440788655572,Bom,0.0,0.0,1.0,0.0,0.0
441,442,-1.6219854223286538,-0.028619766030925538,B,-0.6736975403087418,Ruim,0.0,0.0,1.0,0.0,0.0
442,443,0.32042178465609455,-1.1167484341857552,A,1.44877966148318,Ruim,1.0,0.0,0.0,0.0,0.0
443,444,-0.05552799734095352,1.1308331619791105,B,-1.1956181637001981,Regular,0.0,0.0,0.0,1.0,0.0
444,445,-0.8700858583345576,0.1704055363521946,A,1.6923426190658593,Ruim,0.0,0.0,0.0,1.0,0.0
445,446,-0.6821109673360336,-2.2348596584505556e-16,B,-1.0564393307958098,Ruim,0.0,0.0,0.0,1.0,0.0
446,447,0.38308008165560253,-1.0861605341417393,B,0.43973312292636463,Bom,0.0,1.0,0.0,0.0,0.0
447,448,-1.4340105313301297,0.7966048200537466,B,0.61370666405685,Ruim,0.0,1.0,0.0,0.0,0.0
448,449,-1.3086939373311137,-0.6865004278870003,B,-0.11698220869118878,Bom,0.0,0.0,0.0,1.0,0.0
449,450,-0.9327441553340656,0.942597662704383,A,0.7876802051873354,Bom,0.0,1.0,0.0,0.0,0.0
450,451,-0.18084459133996955,0.0013489059595002233,B,0.16137545711758777,Regular,0.0,1.0,0.0,0.0,0.0
451,452,1.5109294276467466,-1.207357224852774,A,1.6923426190658593,Ruim,1.0,0.0,0.0,0.0,0.0
452,453,0.5710549726541265,0.4837619612648762,B,-1.5783599541872662,Bom,1.0,0.0,0.0,0.0,0.0
453,454,-0.9327441553340656,-1.046618399862473,A,-1.64794937063946,Ruim,0.0,0.0,0.0,1.0,0.0
454,455,-0.6194526703365256,1.3378396259418392,B,0.3005542900219762,Bom,0.0,0.0,0.0,1.0,0.0
455,456,1.4482711306472387,0.02397530245735527,B,1.483574369709277,Bom,0.0,1.0,0.0,0.0,0.0
456,457,0.2577634876565865,-0.5911884527177125,B,-0.08218750046509152,Ruim,0.0,1.0,0.0,0.0,0.0
457,458,1.5109294276467466,0.1668793766025831,B,-0.6736975403087418,Bom,0.0,0.0,1.0,0.0,0.0
458,459,-1.2460356403316057,0.5900406618435827,B,-0.8476710814392273,Regular,1.0,0.0,0.0,0.0,0.0
459,460,0.7590298636526506,-2.2348596584505556e-16,A,-0.11698220869118878,Bom,0.0,1.0,0.0,0.0,0.0
460,461,1.0096630516506826,0.6603549902304335,B,0.40493841470026737,Bom,0.0,1.0,0.0,0.0,0.0
461,462,-0.8700858583345576,-1.282512343976025,A,1.44877966148318,Regular,0.0,1.0,0.0,0.0,0.0
462,463,0.0,-0.45902995110562095,B,0.12658074889149082,Regular,0.0,1.0,0.0,0.0,0.0
463,464,-1.6846437193281618,-0.8798715883998376,A,1.518369077935374,Bom,0.0,0.0,1.0,0.0,0.0
464,465,0.44573837865511057,-1.3527578692458104,B,0.8572696216395294,Bom,0.0,0.0,1.0,0.0,0.0
465,466,1.5109294276467466,0.24186248793317044,B,1.2748061203526946,Bom,1.0,0.0,0.0,0.0,0.0
466,467,-1.1207190463325898,-1.0678957638150064,A,-1.7523334953177514,Ruim,1.0,0.0,0.0,0.0,0.0
467,468,0.0697885966580625,0.836795669436774,B,1.1008325792222093,Regular,0.0,1.0,0.0,0.0,0.0
468,469,1.3229545366482227,0.9482665480997517,A,1.518369077935374,Regular,0.0,0.0,0.0,1.0,0.0
469,470,1.0096630516506826,0.7476735175492085,B,0.5789119558307527,Regular,0.0,1.0,0.0,0.0,0.0
470,471,0.9470047546511746,0.42951316071284024,A,1.5879584943875678,Bom,0.0,1.0,0.0,0.0,0.0
471,472,-0.9327441553340656,-1.0178857267250467,A,1.0312431627700147,Regular,0.0,0.0,0.0,1.0,0.0
472,473,1.5735877246462546,-0.15182649066194792,B,-0.9172604978914215,Regular,1.0,0.0,0.0,0.0,0.0
473,474,-0.30616118533898556,0.2199781821979513,A,-1.4391811212828776,Regular,0.0,0.0,0.0,1.0,0.0
474,475,-1.6219854223286538,-0.09244694338016372,B,0.12658074889149082,Bom,0.0,1.0,0.0,0.0,0.0
475,476,-1.1833773433320978,0.6041944459256464,A,0.2657595817958793,Regular,0.0,0.0,0.0,1.0,0.0
476,477,0.5083966756546185,0.10548979540081149,A,1.1008325792222093,Bom,0.0,1.0,0.0,0.0,0.0
477,478,-0.18084459133996955,-0.5746879908928758,A,1.6923426190658593,Ruim,0.0,0.0,0.0,1.0,0.0
478,479,1.4482711306472387,-1.075695088585227,A,0.37014370647417044,Regular,1.0,0.0,0.0,0.0,0.0
479,480,0.0071302996585544875,-1.3734356631782008,A,0.7876802051873354,Ruim,1.0,0.0,0.0,0.0,0.0
480,481,-1.3713522343306217,0.9294464383281322,A,-0.4997239991782565,Bom,0.0,0.0,0.0,1.0,0.0
481,482,-0.30616118533898556,-0.16987502262076037,,0.43973312292636463,Bom,1.0,0.0,0.0,0.0,0.0
482,483,0.8216881606521586,-2.2348596584505556e-16,A,1.3791902450309854,Regular,0.0,1.0,0.0,0.0,0.0
483,484,0.32042178465609455,0.5579145206823142,B,-1.0216446225697127,Regular,0.0,0.0,1.0,0.0,0.0
484,485,-0.8700858583345576,-0.8381572414246434,B,-0.708492248534839,Bom,0.0,0.0,1.0,0.0,0.0
485,486,-0.5567943733370176,-0.32672892875103643,A,1.3443955368048885,Regular,0.0,0.0,0.0,1.0,0.0
486,487,1.0723213486501906,0.22293917348595257,B,-1.0216446225697127,Bom,0.0,0.0,1.0,0.0,0.0
487,488,-0.24350288833947756,-0.4105139245576573,B,-1.0912340390219069,Ruim,0.0,0.0,1.0,0.0,0.0
488,489,-1.6219854223286538,0.22006418609428335,A,-0.15177691691728573,Ruim,0.0,1.0,0.0,0.0,0.0
489,490,0.6963715666531426,-0.9256723490778915,A,-1.6827440788655572,Bom,0.0,1.0,0.0,0.0,0.0
490,491,0.5083966756546185,-1.2947666705762428,A,1.240011412126597,Regular,1.0,0.0,0.0,0.0,0.0
491,492,-0.8074275613350497,-0.7553920061031019,A,-0.08218750046509152,Ruim,1.0,0.0,0.0,0.0,0.0
492,493,0.8843464576516666,-1.1914243887437284,B,0.5789119558307527,Regular,0.0,1.0,0.0,0.0,0.0
493,494,-0.8700858583345576,-0.081482675224926,B,-1.4043864130567807,Ruim,1.0,0.0,0.0,0.0,0.0
494,495,0.2577634876565865,-1.2747916513395938,B,0.022196624213199654,Regular,0.0,1.0,0.0,0.0,0.0
495,496,1.2602962396487147,1.3174444162402539,A,-1.160823455474101,Regular,0.0,1.0,0.0,0.0,0.0
496,497,0.9470047546511746,0.02888981081918304,A,1.5879584943875678,Bom,0.0,0.0,1.0,0.0,0.0
497,498,-1.4340105313301297,-1.0522971142745652,A,-0.7432869567609361,Ruim,0.0,1.0,0.0,0.0,0.0
498,499,1.0723213486501906,0.14731717606832773,A,0.8920643298656266,Bom,0.0,0.0,0.0,1.0,0.0
499,500,0.9470047546511746,-0.9153445097555105,A,1.2748061203526946,Bom,0.0,0.0,1.0,0.0,0.0
500,501,-1.4966688283296377,-0.029669013566175875,B,-0.708492248534839,Bom,1.0,0.0,0.0,0.0,0.0
501,502,0.0071302996585544875,-0.756389651300553,A,-6.18078179323637e-16,Regular,0.0,0.0,0.0,1.0,0.0
502,503,-1.3086939373311137,-0.4128262007418972,B,0.8224749134134324,Ruim,0.0,0.0,0.0,1.0,0.0
503,504,-1.0580607493330816,-0.35279793835635187,B,0.19617016534368503,Ruim,0.0,0.0,1.0,0.0,0.0
504,505,-1.1207190463325898,-1.4178087591771438,A,-1.613154662413363,Bom,0.0,1.0,0.0,0.0,0.0
505,506,1.0096630516506826,-0.26566861960950733,A,0.648501372282947,Regular,0.0,1.0,0.0,0.0,0.0
506,507,0.38308008165560253,-0.06524268234326609,B,0.648501372282947,Ruim,0.0,0.0,0.0,1.0,0.0
507,508,-0.6194526703365256,0.28298463665076445,A,0.3353489982480732,Ruim,1.0,0.0,0.0,0.0,0.0
508,509,0.5083966756546185,-2.2348596584505556e-16,B,1.6227532026136653,Ruim,0.0,0.0,1.0,0.0,0.0
509,510,0.0697885966580625,-1.217549915195205,B,0.40493841470026737,Bom,0.0,1.0,0.0,0.0,0.0
510,511,-0.18084459133996955,0.13304790103976086,A,-0.15177691691728573,Ruim,0.0,1.0,0.0,0.0,0.0
511,512,-0.05552799734095352,1.4142430301889948,B,0.230964873569782,Bom,0.0,1.0,0.0,0.0,0.0
512,513,-1.5593271253291456,0.8185136983307747,A,0.022196624213199654,Bom,1.0,0.0,0.0,0.0,0.0
513,514,0.9470047546511746,-1.1753220020961996,B,0.7528854969612382,Bom,1.0,0.0,0.0,0.0,0.0
514,515,-1.2460356403316057,-0.6100970236398447,,0.4745278311524616,Regular,0.0,1.0,0.0,0.0,0.0
515,516,-0.9327441553340656,-0.8654917369331295,B,0.61370666405685,Regular,0.0,1.0,0.0,0.0,0.0
516,517,-0.6821109673360336,-0.32639719943661294,A,0.3353489982480732,Bom,0.0,0.0,0.0,1.0,0.0
517,518,-1.3713522343306217,-0.6167045801323222,B,1.518369077935374,Ruim,0.0,0.0,1.0,0.0,0.0
518,519,-1.5593271253291456,-0.24321668815849717,B,1.1356272874483062,Bom,1.0,0.0,0.0,0.0,0.0
519,520,0.5083966756546185,-0.5412275607113713,B,-1.64794937063946,Regular,1.0,0.0,0.0,0.0,0.0
520,521,1.3229545366482227,-0.49374849542775323,A,-0.8824657896653244,Ruim,0.0,0.0,0.0,1.0,0.0
521,522,0.38308008165560253,0.4728099793805431,B,1.6575479108397624,Bom,0.0,0.0,0.0,1.0,0.0
522,523,0.0697885966580625,0.3209418419833411,A,-1.4043864130567807,Regular,1.0,0.0,0.0,0.0,0.0
523,524,-0.4941360763375096,0.956901339291483,B,0.8920643298656266,Regular,1.0,0.0,0.0,0.0,0.0
524,525,-0.18084459133996955,-0.3498959211686925,A,1.2052167039005002,Ruim,0.0,1.0,0.0,0.0,0.0
525,526,-0.6821109673360336,-1.1851977066492927,B,0.022196624213199654,Regular,0.0,0.0,0.0,1.0,0.0
526,527,-1.6846437193281618,0.6347430299027682,A,1.2748061203526946,Bom,1.0,0.0,0.0,0.0,0.0
527,528,-1.1833773433320978,-1.2393506742882727,A,0.40493841470026737,Ruim,0.0,0.0,1.0,0.0,0.0
528,529,0.8843464576516666,0.12003428289764091,B,1.6227532026136653,Ruim,1.0,0.0,0.0,0.0,0.0
529,530,-1.5593271253291456,-0.8293676432195145,A,0.7528854969612382,Ruim,0.0,0.0,0.0,1.0,0.0
530,531,-0.9954024523335736,0.9360367940413432,A,-6.18078179323637e-16,Ruim,0.0,1.0,0.0,0.0,0.0
531,532,-1.1833773433320978,-0.4533954672687853,B,-0.638902832082645,Bom,0.0,0.0,0.0,1.0,0.0
532,533,-1.2460356403316057,0.11043624806699118,A,-1.3695917048306834,Ruim,0.0,0.0,1.0,0.0,0.0
533,534,1.4482711306472387,-1.17680126911311,A,1.0660378709961116,Ruim,0.0,0.0,0.0,1.0,0.0
534,535,-1.1207190463325898,-0.8524609180117432,B,0.3353489982480732,Ruim,0.0,0.0,0.0,1.0,0.0
535,536,-1.4966688283296377,-1.356881141761384,A,-1.2652075801523923,Bom,0.0,0.0,0.0,1.0,0.0
536,537,-1.3713522343306217,-0.11256694061348665,B,-0.4997239991782565,Ruim,0.0,0.0,0.0,1.0,0.0
537,538,1.6989043186452708,-0.4411534269394724,A,-0.8476710814392273,Bom,0.0,0.0,1.0,0.0,0.0
538,539,0.7590298636526506,-0.4873080322195779,B,-1.5435652459611688,Bom,0.0,0.0,0.0,1.0,0.0
539,540,0.8216881606521586,-1.4239568091377903,B,0.09178604066539386,Ruim,0.0,0.0,0.0,1.0,0.0
540,541,0.32042178465609455,-0.42600199765995744,A,-0.11698220869118878,Regular,1.0,0.0,0.0,0.0,0.0
541,542,1.5735877246462546,0.1410978657364346,B,-0.186571625143383,Ruim,0.0,1.0,0.0,0.0,0.0
542,543,1.5735877246462546,-1.2208057769849157,B,1.518369077935374,Bom,1.0,0.0,0.0,0.0,0.0
543,544,-0.5567943733370176,0.5523168956581926,A,0.8224749134134324,Bom,0.0,1.0,0.0,0.0,0.0
544,545,-1.3086939373311137,-1.2886923382410236,B,1.6575479108397624,Regular,0.0,1.0,0.0,0.0,0.0
545,546,1.3229545366482227,-1.043989137888895,A,0.648501372282947,Regular,1.0,0.0,0.0,0.0,0.0
546,547,1.5735877246462546,1.1422446503952748,B,-0.29095574982167416,Bom,1.0,0.0,0.0,0.0,0.0
547,548,0.8216881606521586,-1.2257129135842006,A,0.61370666405685,Regular,0.0,0.0,0.0,1.0,0.0
548,549,-0.9327441553340656,0.14259679078679213,A,-1.4043864130567807,Ruim,0.0,1.0,0.0,0.0,0.0
549,550,1.1976379426492068,0.3435952682771863,A,-1.64794937063946,Regular,0.0,1.0,0.0,0.0,0.0
550,551,-1.1207190463325898,1.1181242433554242,B,-0.9868499143436157,Bom,1.0,0.0,0.0,0.0,0.0
551,552,-0.4314777793380016,-0.46977552363875746,A,0.9964484545439177,Ruim,0.0,0.0,1.0,0.0,0.0
552,553,-1.3713522343306217,-0.8575228616244259,A,1.2052167039005002,Bom,0.0,0.0,1.0,0.0,0.0
553,554,-0.11818629434046153,-0.5338410546435441,B,0.230964873569782,Ruim,0.0,0.0,1.0,0.0,0.0
554,555,-0.18084459133996955,-0.8395677053244881,B,0.61370666405685,Ruim,1.0,0.0,0.0,0.0,0.0
555,556,0.32042178465609455,0.4560981936961477,A,1.240011412126597,Ruim,0.0,1.0,0.0,0.0,0.0
556,557,-1.2460356403316057,0.5816491388157614,A,0.61370666405685,Regular,0.0,1.0,0.0,0.0,0.0
557,558,0.5083966756546185,-0.7180564860782964,B,0.12658074889149082,Ruim,0.0,1.0,0.0,0.0,0.0
558,559,0.5083966756546185,0.12273234798828425,A,-0.46492929095215957,Ruim,0.0,0.0,0.0,1.0,0.0
559,560,-0.4314777793380016,0.19359955856584085,B,-0.8128763732131303,Bom,0.0,0.0,0.0,1.0,0.0
560,561,-0.8074275613350497,0.9239962485548652,A,0.19617016534368503,Bom,1.0,0.0,0.0,0.0,0.0
561,562,1.0723213486501906,-1.2987916529245795,A,0.12658074889149082,Regular,0.0,0.0,0.0,0.0,1.0
562,563,-0.7447692643355416,-0.3235000967573155,A,-6.18078179323637e-16,Regular,0.0,0.0,0.0,1.0,0.0
563,564,0.7590298636526506,1.0953086382856385,A,1.1008325792222093,Ruim,1.0,0.0,0.0,0.0,0.0
564,565,0.0697885966580625,-1.0479379453576239,A,-1.7523334953177514,Bom,0.0,1.0,0.0,0.0,0.0
565,566,-0.18084459133996955,0.25880525551057143,A,0.16137545711758777,Regular,0.0,0.0,1.0,0.0,0.0
566,567,-0.6194526703365256,0.9413370913095744,B,0.3353489982480732,Ruim,1.0,0.0,0.0,0.0,0.0
567,568,1.1349796456496986,1.3065882672689764,A,-1.3695917048306834,Regular,0.0,0.0,0.0,1.0,0.0
568,569,-1.6846437193281618,0.6809811818250248,B,-0.15177691691728573,Bom,0.0,0.0,0.0,1.0,0.0
569,570,-0.4941360763375096,-1.2969437977805325,B,1.3443955368048885,Ruim,0.0,1.0,0.0,0.0,0.0
570,571,-0.18084459133996955,0.7349990004840548,B,0.6832960805090439,Ruim,1.0,0.0,0.0,0.0,0.0
571,572,-0.6821109673360336,-0.1500400668724234,A,-0.6041081238565478,Ruim,1.0,0.0,0.0,0.0,0.0
572,573,-1.1207190463325898,0.9780091527055332,B,1.240011412126597,Bom,1.0,0.0,0.0,0.0,0.0
573,574,0.32042178465609455,-1.4332009993663883,B,0.09178604066539386,Ruim,1.0,0.0,0.0,0.0,0.0
574,575,1.4482711306472387,-0.3366464066252048,A,1.170421995674403,Regular,1.0,0.0,0.0,0.0,0.0
575,576,1.0723213486501906,-0.7579229779094433,B,-0.08218750046509152,Bom,0.0,0.0,0.0,1.0,0.0
576,577,-0.6821109673360336,0.1668154879938795,B,-0.3605451662738684,Ruim,0.0,0.0,0.0,1.0,0.0
577,578,0.5710549726541265,-1.2238355713899827,A,0.5093225393785585,Ruim,0.0,0.0,0.0,1.0,0.0
578,579,-1.2460356403316057,0.9282276402543987,A,0.19617016534368503,Ruim,0.0,0.0,1.0,0.0,0.0
579,580,-0.5567943733370176,1.060368941087224,A,-1.3347969966045865,Regular,0.0,1.0,0.0,0.0,0.0
580,581,0.6337132696536346,0.17920987808240904,B,1.170421995674403,Regular,0.0,0.0,0.0,1.0,0.0
581,582,-0.7447692643355416,0.9504264745247748,B,-0.46492929095215957,Bom,0.0,1.0,0.0,0.0,0.0
582,583,-0.11818629434046153,-0.3046136411228115,A,-1.613154662413363,Bom,1.0,0.0,0.0,0.0,0.0
583,584,0.9470047546511746,0.2155870689766582,A,1.5531637861614709,Regular,0.0,0.0,0.0,1.0,0.0
584,585,1.1349796456496986,-0.12219446249430733,B,0.8572696216395294,Bom,0.0,0.0,1.0,0.0,0.0
585,586,0.44573837865511057,-0.6771432039660802,A,-1.2304128719262952,Regular,1.0,0.0,0.0,0.0,0.0
586,587,-1.3713522343306217,-0.35534611094195956,A,-0.8128763732131303,Ruim,0.0,0.0,1.0,0.0,0.0
587,588,-0.18084459133996955,-0.3190573811982232,A,-0.6041081238565478,Bom,1.0,0.0,0.0,0.0,0.0
588,589,1.3856128336477307,0.3248144745724614,B,-1.2652075801523923,Regular,0.0,0.0,0.0,1.0,0.0
589,590,-1.3713522343306217,0.3814443544258026,B,1.483574369709277,Bom,0.0,0.0,0.0,1.0,0.0
590,591,1.4482711306472387,0.7927837898024256,B,0.7876802051873354,Ruim,0.0,0.0,1.0,0.0,0.0
591,592,-1.2460356403316057,0.046058645781228334,B,-0.7432869567609361,Ruim,0.0,1.0,0.0,0.0,0.0
592,593,0.1324468936575705,-0.6438695251023253,A,-0.186571625143383,Bom,0.0,0.0,1.0,0.0,0.0
593,594,1.0723213486501906,0.014018508516292095,A,-6.18078179323637e-16,Regular,0.0,1.0,0.0,0.0,0.0
594,595,2.1375123976418267,-1.4860663658145699,A,2.63179974117048,Ruim,0.0,0.0,1.0,0.0,0.0
595,596,-1.4966688283296377,-0.9226966142648049,A,1.6923426190658593,Regular,0.0,0.0,0.0,1.0,0.0
596,597,-1.2460356403316057,-0.7109009619034752,A,1.3096008285787917,Bom,1.0,0.0,0.0,0.0,0.0
597,598,-1.1207190463325898,0.5961887118042289,A,0.3353489982480732,Bom,0.0,0.0,0.0,1.0,0.0
598,599,0.32042178465609455,-1.069871396176461,A,0.5441172476046559,Regular,0.0,0.0,0.0,1.0,0.0
599,600,-0.11818629434046153,0.7346377841194601,B,1.170421995674403,Bom,0.0,0.0,1.0,0.0,0.0
600,601,0.38308008165560253,-0.04723100919716726,A,1.5879584943875678,Regular,0.0,0.0,1.0,0.0,0.0
601,602,0.7590298636526506,1.1139493685020514,A,1.6227532026136653,Regular,1.0,0.0,0.0,0.0,0.0
602,603,0.6963715666531426,0.8168919105713714,B,-0.8476710814392273,Ruim,1.0,0.0,0.0,0.0,0.0
603,604,0.9470047546511746,1.177046741359558,A,-1.7523334953177514,Regular,0.0,0.0,0.0,1.0,0.0
604,605,-0.18084459133996955,-0.8428923702312645,A,1.483574369709277,Bom,0.0,0.0,0.0,1.0,0.0
605,606,0.38308008165560253,-1.2749243430653632,B,1.2052167039005002,Ruim,0.0,1.0,0.0,0.0,0.0
606,607,1.5109294276467466,-0.5965059507652102,B,-0.08218750046509152,Regular,0.0,0.0,0.0,1.0,0.0
607,608,1.2602962396487147,1.3647097004101325,B,0.4745278311524616,Ruim,0.0,0.0,0.0,1.0,0.0
608,609,-0.4314777793380016,0.28101883330603333,A,0.022196624213199654,Bom,0.0,0.0,0.0,1.0,0.0
609,610,-0.36881948233849354,1.1136790705421509,A,-0.3605451662738684,Bom,0.0,0.0,1.0,0.0,0.0
610,611,-0.18084459133996955,1.1894091871437356,B,-0.08218750046509152,Ruim,0.0,0.0,1.0,0.0,0.0
611,612,-0.24350288833947756,1.0418805606300279,B,1.3443955368048885,Bom,1.0,0.0,0.0,0.0,0.0
612,613,0.0697885966580625,0.9336876590443897,A,0.022196624213199654,Ruim,0.0,1.0,0.0,0.0,0.0
613,614,-1.4966688283296377,-1.1227465916413661,B,-0.4301345827260624,Ruim,0.0,0.0,0.0,1.0,0.0
614,615,1.0096630516506826,1.2106963801129929,B,-1.5783599541872662,Ruim,0.0,0.0,1.0,0.0,0.0
615,616,-0.7447692643355416,0.9104936368307432,A,-0.11698220869118878,Regular,0.0,0.0,0.0,1.0,0.0
616,617,-1.4340105313301297,1.2399278758491443,B,1.6227532026136653,Bom,1.0,0.0,0.0,0.0,0.0
617,618,1.2602962396487147,0.007199628164256061,B,0.056991332439296605,Ruim,1.0,0.0,0.0,0.0,0.0
618,619,-1.0580607493330816,1.019104271627137,B,-0.4997239991782565,Regular,0.0,1.0,0.0,0.0,0.0
619,620,-0.30616118533898556,-1.0682815527214098,A,-1.6827440788655572,Bom,0.0,0.0,1.0,0.0,0.0
620,621,-0.6194526703365256,1.2418150470600862,B,0.6832960805090439,Ruim,0.0,0.0,1.0,0.0,0.0
621,622,1.6362460216457628,-1.3112573033843558,B,0.5093225393785585,Bom,0.0,0.0,0.0,1.0,0.0
622,623,-1.1207190463325898,1.3453612809896167,B,1.5531637861614709,Regular,1.0,0.0,0.0,0.0,0.0
623,624,0.5083966756546185,-0.7682237874358343,A,0.43973312292636463,Ruim,0.0,0.0,0.0,1.0,0.0
624,625,-0.6821109673360336,-0.34064190192337085,B,1.1008325792222093,Regular,1.0,0.0,0.0,0.0,0.0
625,626,1.1349796456496986,-1.0340176004227466,A,0.2657595817958793,Ruim,0.0,1.0,0.0,0.0,0.0
626,627,-1.4966688283296377,-1.3473003077100008,B,1.2748061203526946,Ruim,0.0,0.0,1.0,0.0,0.0
627,628,-1.3086939373311137,-0.6604584480776751,A,1.2052167039005002,Regular,1.0,0.0,0.0,0.0,0.0
628,629,1.5735877246462546,0.8330458995566993,A,1.1008325792222093,Regular,0.0,0.0,0.0,1.0,0.0
629,630,1.5109294276467466,0.02751620573205214,B,1.6575479108397624,Bom,0.0,0.0,0.0,1.0,0.0
630,631,-0.9327441553340656,-0.15653704692675985,B,0.4745278311524616,Bom,0.0,1.0,0.0,0.0,0.0
631,632,0.6963715666531426,-1.2324384182773622,A,0.2657595817958793,Regular,0.0,0.0,1.0,0.0,0.0
632,633,-0.24350288833947756,1.0889050338901771,A,-0.9172604978914215,Ruim,0.0,0.0,1.0,0.0,0.0
633,634,0.7590298636526506,0.10391960997920767,A,1.5531637861614709,Regular,0.0,1.0,0.0,0.0,0.0
634,635,-0.5567943733370176,-1.2073449385818693,A,-0.5693134156304507,Bom,0.0,0.0,1.0,0.0,0.0
635,636,0.5083966756546185,-0.1804264720736045,A,0.5441172476046559,Ruim,0.0,0.0,0.0,1.0,0.0
636,637,1.2602962396487147,-2.2348596584505556e-16,B,-0.638902832082645,Ruim,0.0,0.0,0.0,1.0,0.0
637,638,-0.30616118533898556,1.1743781633190853,B,-0.32575045804777114,Regular,0.0,0.0,0.0,1.0,0.0
638,639,1.2602962396487147,0.7817654620552077,B,1.170421995674403,Ruim,0.0,1.0,0.0,0.0,0.0
639,640,0.0071302996585544875,-1.2462604730450026,B,-6.18078179323637e-16,Regular,1.0,0.0,0.0,0.0,0.0
640,641,0.9470047546511746,1.1985772024927257,A,1.2052167039005002,Regular,0.0,0.0,0.0,1.0,0.0
641,642,1.3856128336477307,-1.3392282277256986,B,1.240011412126597,Regular,0.0,0.0,1.0,0.0,0.0
642,643,-0.8074275613350497,1.2586939260287837,B,0.022196624213199654,Ruim,0.0,0.0,0.0,1.0,0.0
643,644,-0.24350288833947756,1.2336520486710905,A,-0.012598084012897609,Ruim,1.0,0.0,0.0,0.0,0.0
644,645,-0.4941360763375096,1.282571064904724,B,0.19617016534368503,Bom,0.0,0.0,0.0,1.0,0.0
645,646,-0.5567943733370176,0.05717772094986367,A,0.43973312292636463,Ruim,0.0,1.0,0.0,0.0,0.0
646,647,1.6362460216457628,1.2611290649220694,A,-0.012598084012897609,Bom,0.0,0.0,0.0,1.0,0.0
647,648,0.19510519065707851,0.409027032606561,B,0.3353489982480732,Bom,0.0,0.0,1.0,0.0,0.0
648,649,-0.5567943733370176,0.8925016217180919,B,1.3791902450309854,Regular,0.0,1.0,0.0,0.0,0.0
649,650,-1.3086939373311137,-0.07758055558563472,B,-0.3953398744999653,Bom,0.0,1.0,0.0,0.0,0.0
650,651,1.0096630516506826,0.30881774985471194,A,0.40493841470026737,Ruim,0.0,0.0,0.0,1.0,0.0
651,652,-1.3713522343306217,0.37801894209760895,B,-1.1956181637001981,Ruim,0.0,0.0,1.0,0.0,0.0
652,653,1.3229545366482227,-0.09626305912312315,A,-0.5693134156304507,Bom,0.0,0.0,1.0,0.0,0.0
653,654,0.0697885966580625,-0.5904660199885239,B,-1.0564393307958098,Ruim,1.0,0.0,0.0,0.0,0.0
654,655,1.2602962396487147,0.4313413578234403,B,0.7528854969612382,Regular,1.0,0.0,0.0,0.0,0.0
655,656,0.8216881606521586,0.6669060298767499,B,0.8224749134134324,Bom,0.0,1.0,0.0,0.0,0.0
656,657,0.9470047546511746,0.8067557370751017,B,0.5789119558307527,Ruim,1.0,0.0,0.0,0.0,0.0
657,658,0.5083966756546185,-0.3610543124042224,A,0.2657595817958793,Bom,0.0,0.0,1.0,0.0,0.0
658,659,0.9470047546511746,0.2188306444954645,A,-1.7175387870916543,Regular,0.0,0.0,1.0,0.0,0.0
659,660,0.2577634876565865,-0.014719079129495757,A,0.8572696216395294,Ruim,0.0,0.0,1.0,0.0,0.0
660,661,0.8843464576516666,1.1135439215622003,A,0.7876802051873354,Bom,1.0,0.0,0.0,0.0,0.0
661,662,-0.4314777793380016,-0.2653663773452548,B,-0.8128763732131303,Bom,1.0,0.0,0.0,0.0,0.0
662,663,-1.4340105313301297,-1.1424144541054009,B,0.056991332439296605,Ruim,1.0,0.0,0.0,0.0,0.0
663,664,1.3856128336477307,-0.3948440146459693,B,-6.18078179323637e-16,Ruim,0.0,0.0,0.0,1.0,0.0
664,665,-0.6194526703365256,0.035519482599288596,B,0.3005542900219762,Ruim,1.0,0.0,0.0,0.0,0.0
665,666,-0.5567943733370176,0.3748073108831546,A,-0.6736975403087418,Ruim,0.0,1.0,0.0,0.0,0.0
666,667,-0.4941360763375096,1.03933238804442,A,-0.04739279223899456,Bom,0.0,1.0,0.0,0.0,0.0
667,668,0.5083966756546185,-0.7155967746432016,A,-0.012598084012897609,Bom,0.0,1.0,0.0,0.0,0.0
668,669,-1.4340105313301297,-0.6341658283418964,B,-0.2561610415955769,Bom,0.0,1.0,0.0,0.0,0.0
669,670,-0.24350288833947756,1.018195087580199,B,0.37014370647417044,Ruim,0.0,0.0,1.0,0.0,0.0
670,671,0.0697885966580625,-0.3455539530310176,B,-0.04739279223899456,Regular,1.0,0.0,0.0,0.0,0.0
671,672,-0.36881948233849354,-1.254841204644754,B,0.5093225393785585,Bom,0.0,0.0,0.0,1.0,0.0
672,673,-1.4340105313301297,0.9140050530552694,A,1.2748061203526946,Bom,0.0,1.0,0.0,0.0,0.0
673,674,-1.1207190463325898,-0.859970286788616,B,-0.9172604978914215,Regular,0.0,1.0,0.0,0.0,0.0
674,675,1.0723213486501906,0.5168906621319571,A,1.3791902450309854,Ruim,1.0,0.0,0.0,0.0,0.0
675,676,1.3856128336477307,-1.4275738872920953,A,0.056991332439296605,Bom,0.0,0.0,0.0,1.0,0.0
676,677,-1.3086939373311137,1.211423727350543,A,-1.3347969966045865,Regular,1.0,0.0,0.0,0.0,0.0
677,678,-1.3713522343306217,0.1598196853408176,,0.5093225393785585,Bom,0.0,1.0,0.0,0.0,0.0
678,679,0.0071302996585544875,1.3486933176589357,B,-0.7432869567609361,Bom,0.0,1.0,0.0,0.0,0.0
679,680,0.6337132696536346,0.44479236720976284,B,-1.7871282035438485,Ruim,0.0,1.0,0.0,0.0,0.0
680,681,1.2602962396487147,-0.9445194886455011,B,0.9616537463178207,Regular,0.0,0.0,0.0,1.0,0.0
681,682,1.0723213486501906,0.43534422488414876,A,-0.04739279223899456,Ruim,0.0,0.0,1.0,0.0,0.0
682,683,1.6989043186452708,1.3994970478493305,B,0.056991332439296605,Regular,0.0,0.0,1.0,0.0,0.0
683,684,-0.4314777793380016,0.8425161571699417,A,0.5441172476046559,Ruim,0.0,0.0,1.0,0.0,0.0
684,685,-1.0580607493330816,0.6406109528867904,A,-0.15177691691728573,Regular,0.0,1.0,0.0,0.0,0.0
685,686,0.8216881606521586,-0.7269959767884612,A,-1.508770537735072,Ruim,1.0,0.0,0.0,0.0,0.0
686,687,-0.8700858583345576,-0.6864660263284674,A,-0.4997239991782565,Bom,0.0,0.0,0.0,1.0,0.0
687,688,0.0071302996585544875,-0.07412565620726992,A,0.230964873569782,Bom,0.0,0.0,0.0,1.0,0.0
688,689,-0.7447692643355416,-0.1643855167805987,A,-6.18078179323637e-16,Regular,1.0,0.0,0.0,0.0,0.0
689,690,1.2602962396487147,0.07433672689518532,A,0.5789119558307527,Regular,0.0,0.0,0.0,1.0,0.0
690,691,0.0,0.7096081930326715,A,-0.7780816649870332,Ruim,0.0,1.0,0.0,0.0,0.0
691,692,-0.36881948233849354,1.412454149145289,A,1.6575479108397624,Bom,1.0,0.0,0.0,0.0,0.0
692,693,-0.8700858583345576,0.481194130645821,A,-1.7523334953177514,Bom,0.0,1.0,0.0,0.0,0.0
693,694,0.19510519065707851,-0.044009548965989236,B,1.2052167039005002,Ruim,0.0,1.0,0.0,0.0,0.0
694,695,-1.1207190463325898,-0.011200291142427144,B,1.44877966148318,Bom,0.0,0.0,1.0,0.0,0.0
695,696,0.32042178465609455,-0.14135367334289295,B,0.056991332439296605,Bom,0.0,0.0,0.0,0.0,1.0
696,697,0.38308008165560253,1.0345333706290956,B,1.1008325792222093,Regular,0.0,0.0,1.0,0.0,0.0
697,698,1.0723213486501906,-0.6322835716393163,B,1.6575479108397624,Ruim,1.0,0.0,0.0,0.0,0.0
698,699,-0.11818629434046153,-1.3936146345118656,B,1.1008325792222093,Regular,1.0,0.0,0.0,0.0,0.0
699,700,1.6362460216457628,0.2849528972496765,A,1.44877966148318,Regular,0.0,0.0,0.0,1.0,0.0
700,701,0.5710549726541265,-0.9295646397004591,B,0.9964484545439177,Ruim,0.0,0.0,1.0,0.0,0.0
701,702,0.5710549726541265,0.660256700063197,B,0.648501372282947,Ruim,0.0,0.0,1.0,0.0,0.0
702,703,-2.1859100953242256,4.853467584133868,B,-3.039737699683343,Ruim,0.0,0.0,1.0,0.0,0.0
703,704,-0.4314777793380016,-0.960012476256163,A,-0.9520552061175186,Ruim,1.0,0.0,0.0,0.0,0.0
704,705,-0.18084459133996955,-0.4268718656400009,A,-1.2652075801523923,Bom,0.0,0.0,1.0,0.0,0.0
705,706,0.0,-0.01240434569107486,B,0.056991332439296605,Bom,0.0,0.0,0.0,1.0,0.0
706,707,-0.11818629434046153,0.12397080409546485,,0.648501372282947,Ruim,0.0,0.0,1.0,0.0,0.0
707,708,0.44573837865511057,1.044561424941405,B,1.3791902450309854,Ruim,1.0,0.0,0.0,0.0,0.0
708,709,0.5083966756546185,-1.2428719195295224,B,0.09178604066539386,Regular,0.0,1.0,0.0,0.0,0.0
709,710,0.5083966756546185,-0.42613468938572674,B,-1.0564393307958098,Regular,0.0,0.0,0.0,1.0,0.0
710,711,-0.05552799734095352,1.192652762662542,A,-1.0216446225697127,Regular,0.0,0.0,1.0,0.0,0.0
711,712,-1.1207190463325898,-1.3849061256947068,A,-1.7871282035438485,Ruim,0.0,0.0,0.0,1.0,0.0
712,713,-1.4340105313301297,1.1303171386011186,A,0.5093225393785585,Bom,0.0,0.0,1.0,0.0,0.0
713,714,-0.18084459133996955,-0.02391166702029457,A,0.40493841470026737,Bom,1.0,0.0,0.0,0.0,0.0
714,715,-2.2485683923237336,7.1979681997023395,A,-2.2046647022570136,Bom,0.0,0.0,0.0,1.0,0.0
715,716,0.19510519065707851,-0.6538214045350266,B,0.230964873569782,Regular,0.0,0.0,0.0,1.0,0.0
716,717,-1.5593271253291456,-0.3698340815926278,B,0.6832960805090439,Bom,0.0,0.0,1.0,0.0,0.0
717,718,-1.6846437193281618,-0.03050939449604844,A,-0.638902832082645,Regular,0.0,0.0,1.0,0.0,0.0
718,719,0.6963715666531426,-1.2385029215958574,A,1.3096008285787917,Regular,1.0,0.0,0.0,0.0,0.0
719,720,-1.8099603133271778,2.5252855935808465,,-2.135075285804819,Ruim,1.0,0.0,0.0,0.0,0.0
720,721,-0.6194526703365256,-0.7144787239908857,A,0.8920643298656266,Regular,0.0,1.0,0.0,0.0,0.0
721,722,-0.5567943733370176,0.9635211820548651,A,-1.0564393307958098,Bom,0.0,1.0,0.0,0.0,0.0
722,723,0.8843464576516666,-1.4166563069662952,B,0.022196624213199654,Ruim,0.0,0.0,1.0,0.0,0.0
723,724,-0.4941360763375096,0.301232206198231,A,0.9616537463178207,Ruim,1.0,0.0,0.0,0.0,0.0
724,725,-1.7473020163276698,-1.656096068862906,B,-1.8915123282221395,Regular,0.0,0.0,0.0,1.0,0.0
725,726,-0.4314777793380016,-0.7335003286053403,A,-1.3000022883784894,Bom,0.0,0.0,1.0,0.0,0.0
726,727,-1.6846437193281618,-0.424043566077769,B,-0.22136633336947995,Bom,1.0,0.0,0.0,0.0,0.0
727,728,0.0071302996585544875,-0.6924199532088219,B,-1.7523334953177514,Regular,0.0,1.0,0.0,0.0,0.0
728,729,-0.8074275613350497,0.8203001221202992,B,0.4745278311524616,Bom,0.0,1.0,0.0,0.0,0.0
729,730,0.5083966756546185,-0.6388346112856328,B,1.6923426190658593,Regular,0.0,0.0,0.0,1.0,0.0
730,731,0.5083966756546185,-0.7183341558007397,B,-1.126028747248004,Bom,0.0,1.0,0.0,0.0,0.0
731,732,-1.1833773433320978,-1.3252415369279367,A,1.170421995674403,Bom,0.0,1.0,0.0,0.0,0.0
732,733,-2.499201580321766,2.504494765956134,B,2.597005032944383,Regular,0.0,0.0,1.0,0.0,0.0
733,734,0.6337132696536346,-1.3003741246170881,B,0.16137545711758777,Regular,0.0,0.0,0.0,1.0,0.0
734,735,1.5735877246462546,1.167431505749642,B,1.483574369709277,Bom,0.0,0.0,0.0,1.0,0.0
735,736,1.6362460216457628,0.9525003970534662,B,0.16137545711758777,Regular,0.0,1.0,0.0,0.0,0.0
736,737,1.5109294276467466,1.0389220265962074,B,0.5093225393785585,Regular,0.0,1.0,0.0,0.0,0.0
737,738,0.0,0.4907553066637569,A,-0.7780816649870332,Ruim,0.0,0.0,1.0,0.0,0.0
738,739,-1.5593271253291456,-1.325715786984853,A,0.5093225393785585,Bom,1.0,0.0,0.0,0.0,0.0
739,740,1.1349796456496986,-1.2791016751729167,A,1.170421995674403,Regular,1.0,0.0,0.0,0.0,0.0
740,741,-0.6821109673360336,-2.2348596584505556e-16,A,-0.8128763732131303,,0.0,1.0,0.0,0.0,0.0
741,742,0.32042178465609455,0.185775661253811,A,0.5093225393785585,Regular,1.0,0.0,0.0,0.0,0.0
742,743,0.0071302996585544875,-0.2606435348095383,A,0.3005542900219762,Bom,1.0,0.0,0.0,0.0,0.0
743,744,0.44573837865511057,0.8990280888225991,A,-0.2561610415955769,Bom,1.0,0.0,0.0,0.0,0.0
744,745,-0.11818629434046153,-0.625531037150165,B,-0.32575045804777114,Ruim,0.0,0.0,0.0,1.0,0.0
745,746,0.0071302996585544875,0.2085912663235963,B,-1.3000022883784894,Ruim,0.0,0.0,1.0,0.0,0.0
746,747,-1.2460356403316057,0.9450131435642218,B,-1.0564393307958098,Ruim,1.0,0.0,0.0,0.0,0.0
747,748,0.2577634876565865,-1.2367386130939615,B,1.2052167039005002,Ruim,0.0,0.0,0.0,1.0,0.0
748,749,1.6989043186452708,-1.1472626166043438,B,0.7528854969612382,Ruim,1.0,0.0,0.0,0.0,0.0
749,750,-0.8074275613350497,1.1114798280502327,B,1.3791902450309854,Ruim,0.0,0.0,0.0,1.0,0.0
750,751,-0.6821109673360336,0.7989220107463484,A,-0.22136633336947995,Ruim,0.0,0.0,0.0,1.0,0.0
751,752,-0.6194526703365256,-0.6105860172218468,A,0.12658074889149082,Regular,0.0,0.0,0.0,1.0,0.0
752,753,-1.3086939373311137,-0.4840964010051235,B,1.2748061203526946,Regular,0.0,0.0,0.0,1.0,0.0
753,754,0.0,-1.3446587594655184,A,-1.64794937063946,Ruim,0.0,0.0,1.0,0.0,0.0
754,755,-0.6194526703365256,0.1066643628992885,B,-0.3953398744999653,Ruim,0.0,1.0,0.0,0.0,0.0
755,756,-1.2460356403316057,0.8567878894526895,A,0.16137545711758777,Bom,1.0,0.0,0.0,0.0,0.0
756,757,1.1349796456496986,-1.2124978005992457,A,-0.7780816649870332,Regular,0.0,0.0,0.0,1.0,0.0
757,758,-0.6821109673360336,-0.2604960995586836,A,-0.186571625143383,Ruim,1.0,0.0,0.0,0.0,0.0
758,759,1.3229545366482227,-0.5271278362212874,B,0.6832960805090439,Regular,0.0,0.0,1.0,0.0,0.0
759,760,-0.18084459133996955,1.2033344465869746,B,0.19617016534368503,Ruim,1.0,0.0,0.0,0.0,0.0
760,761,-1.2460356403316057,0.16266027117395393,B,-1.0564393307958098,Bom,0.0,0.0,1.0,0.0,0.0
761,762,1.0096630516506826,-1.3482266925362052,A,-1.7175387870916543,Bom,0.0,0.0,0.0,1.0,0.0
762,763,0.1324468936575705,1.1044963116680755,A,-0.9520552061175186,Ruim,0.0,1.0,0.0,0.0,0.0
763,764,0.5710549726541265,-0.07484317442809679,A,0.16137545711758777,Bom,0.0,1.0,0.0,0.0,0.0
764,765,-0.11818629434046153,-0.9736035491307977,A,1.240011412126597,Ruim,1.0,0.0,0.0,0.0,0.0
765,766,1.5109294276467466,-0.7327238362841713,B,-1.3000022883784894,Ruim,0.0,1.0,0.0,0.0,0.0
766,767,0.0697885966580625,0.7367338219357797,B,-0.7432869567609361,Bom,1.0,0.0,0.0,0.0,0.0
767,768,-0.36881948233849354,1.3231427886857934,A,-1.126028747248004,Regular,0.0,1.0,0.0,0.0,0.0
768,769,-0.7447692643355416,-0.2432412607003062,B,-0.8824657896653244,Bom,0.0,1.0,0.0,0.0,0.0
769,770,0.2577634876565865,0.9390985327507617,A,-1.613154662413363,Regular,1.0,0.0,0.0,0.0,0.0
770,771,-0.24350288833947756,-1.4486423846392513,B,0.7528854969612382,Bom,0.0,0.0,0.0,1.0,0.0
771,772,-0.8700858583345576,0.4448660848351901,A,-0.15177691691728573,Regular,0.0,1.0,0.0,0.0,0.0
772,773,1.6362460216457628,-0.8171305173985633,A,-1.2652075801523923,Bom,0.0,0.0,0.0,1.0,0.0
773,774,0.19510519065707851,-0.3526799901556679,B,0.5441172476046559,Regular,0.0,1.0,0.0,0.0,0.0
774,775,-1.0580607493330816,0.5224415993266417,B,1.0660378709961116,Bom,0.0,0.0,0.0,1.0,0.0
775,776,-1.1207190463325898,1.3195355395482116,A,1.483574369709277,Bom,0.0,0.0,0.0,1.0,0.0
776,777,1.2602962396487147,0.4599585400143632,B,-0.2561610415955769,Ruim,0.0,1.0,0.0,0.0,0.0
777,778,-0.8074275613350497,0.35896293592462153,B,1.0660378709961116,Bom,0.0,1.0,0.0,0.0,0.0
778,779,0.1324468936575705,0.8322350056769979,A,1.5531637861614709,Regular,0.0,0.0,1.0,0.0,0.0
779,780,-0.4314777793380016,-1.2787625740959505,A,-0.4301345827260624,Ruim,0.0,1.0,0.0,0.0,0.0
780,781,-1.2460356403316057,-0.4251345869340949,B,1.518369077935374,Regular,0.0,1.0,0.0,0.0,0.0
781,782,-0.9327441553340656,0.32066171500671703,B,-1.160823455474101,Bom,0.0,0.0,1.0,0.0,0.0
782,783,1.0096630516506826,-0.6731894819889898,A,-1.160823455474101,Ruim,0.0,1.0,0.0,0.0,0.0
783,784,-0.6821109673360336,-1.403591086486376,A,-1.4739758295089747,Regular,0.0,0.0,1.0,0.0,0.0
784,785,1.6989043186452708,-0.055499669515942616,A,-1.64794937063946,Bom,0.0,0.0,1.0,0.0,0.0
785,786,1.6362460216457628,0.6181393634023327,A,-0.012598084012897609,Ruim,1.0,0.0,0.0,0.0,0.0
786,787,-1.1207190463325898,0.3834077005163532,A,-0.7780816649870332,Bom,1.0,0.0,0.0,0.0,0.0
787,788,-1.4340105313301297,1.139630131946782,A,-0.11698220869118878,Ruim,0.0,0.0,0.0,1.0,0.0
788,789,-0.4941360763375096,1.0323513289164437,A,-0.32575045804777114,Bom,1.0,0.0,0.0,0.0,0.0
789,790,-0.36881948233849354,1.1605733093307116,A,-1.7175387870916543,Bom,1.0,0.0,0.0,0.0,0.0
790,791,0.38308008165560253,0.8447203141702212,A,-0.6736975403087418,Ruim,0.0,0.0,0.0,1.0,0.0
791,792,1.3229545366482227,0.16962904403102586,A,-1.1956181637001981,Bom,0.0,0.0,0.0,1.0,0.0
792,793,0.44573837865511057,0.48003676392661077,A,-1.3000022883784894,Regular,1.0,0.0,0.0,0.0,0.0
793,794,-0.8700858583345576,0.7935848546654036,B,1.1356272874483062,Bom,0.0,0.0,0.0,1.0,0.0
794,795,0.5083966756546185,1.0158975549210445,B,-1.64794937063946,Bom,0.0,0.0,1.0,0.0,0.0
795,796,-1.2460356403316057,-1.2349693900837033,B,-1.6827440788655572,Regular,0.0,0.0,1.0,0.0,0.0
796,797,-0.11818629434046153,0.05242293410979521,A,-0.8128763732131303,Ruim,0.0,1.0,0.0,0.0,0.0
797,798,-0.36881948233849354,-0.6827678587861922,A,0.648501372282947,Ruim,1.0,0.0,0.0,0.0,0.0
798,799,1.1976379426492068,0.8836800792086111,A,-0.32575045804777114,Regular,0.0,0.0,0.0,1.0,0.0
799,800,-0.36881948233849354,1.3331462704562935,A,0.6832960805090439,Ruim,0.0,0.0,1.0,0.0,0.0
800,801,-0.8700858583345576,-1.4111962881763045,A,-1.7175387870916543,Ruim,0.0,0.0,1.0,0.0,0.0
801,802,1.3229545366482227,-0.8464529315394088,A,-0.8476710814392273,Regular,1.0,0.0,0.0,0.0,0.0
802,803,-1.4340105313301297,0.5624506119002814,B,-0.8476710814392273,Bom,0.0,1.0,0.0,0.0,0.0
803,804,0.38308008165560253,-0.5960611877584646,B,-0.9172604978914215,Ruim,0.0,0.0,1.0,0.0,0.0
804,805,-0.05552799734095352,-1.3994874720042498,A,0.022196624213199654,Regular,0.0,0.0,1.0,0.0,0.0
805,806,0.6963715666531426,1.2274130803057501,B,-0.9520552061175186,Regular,0.0,0.0,0.0,1.0,0.0
806,807,0.19510519065707851,1.2315953269216653,A,0.5789119558307527,Regular,0.0,0.0,1.0,0.0,0.0
807,808,-0.7447692643355416,0.5245253508720565,B,-0.7432869567609361,Bom,1.0,0.0,0.0,0.0,0.0
808,809,-0.9327441553340656,0.6300644179423079,A,-0.708492248534839,Ruim,1.0,0.0,0.0,0.0,0.0
809,810,-1.4340105313301297,1.0061373413144548,A,0.9268590380917235,Regular,1.0,0.0,0.0,0.0,0.0
810,811,1.1349796456496986,0.4519872074514784,B,-0.32575045804777114,Bom,0.0,0.0,1.0,0.0,0.0
811,812,1.0096630516506826,1.4116604560448542,B,-0.8476710814392273,Ruim,1.0,0.0,0.0,0.0,0.0
812,813,0.8843464576516666,0.9896860245732361,B,0.2657595817958793,Ruim,0.0,0.0,1.0,0.0,0.0
813,814,0.2577634876565865,-0.04565836652138246,A,1.6575479108397624,Regular,0.0,1.0,0.0,0.0,0.0
814,815,-0.36881948233849354,-0.32442648158352017,B,-0.8476710814392273,Bom,0.0,0.0,1.0,0.0,0.0
815,816,-0.8700858583345576,-0.5812070862348403,A,-1.508770537735072,Bom,1.0,0.0,0.0,0.0,0.0
816,817,-1.4966688283296377,0.6401809334051304,B,-0.5693134156304507,Bom,0.0,0.0,1.0,0.0,0.0
817,818,1.4482711306472387,-1.2040129019125503,A,1.6227532026136653,Bom,0.0,0.0,1.0,0.0,0.0
818,819,1.3856128336477307,1.070465798516599,B,1.0660378709961116,Regular,0.0,0.0,1.0,0.0,0.0
819,820,-1.1833773433320978,0.8298514691215112,B,-0.5345187074043536,Regular,0.0,0.0,0.0,1.0,0.0
820,821,0.0071302996585544875,-1.0525354679301135,A,0.230964873569782,Bom,1.0,0.0,0.0,0.0,0.0
821,822,-0.18084459133996955,0.26787743794650554,B,0.4745278311524616,Bom,1.0,0.0,0.0,0.0,0.0
822,823,1.5109294276467466,0.15760078481545242,B,-1.2652075801523923,Regular,1.0,0.0,0.0,0.0,0.0
823,824,0.7590298636526506,-1.3831098728884588,A,0.9268590380917235,Ruim,0.0,0.0,0.0,1.0,0.0
824,825,0.5083966756546185,-1.2877954404649898,B,-1.2652075801523923,Regular,1.0,0.0,0.0,0.0,0.0
825,826,-0.8700858583345576,-0.34249221432159893,B,-0.8476710814392273,Ruim,0.0,1.0,0.0,0.0,0.0
826,827,1.1349796456496986,-1.242336238118083,A,1.6227532026136653,Bom,0.0,0.0,0.0,1.0,0.0
827,828,0.6963715666531426,0.18096435756758164,A,0.12658074889149082,Regular,0.0,0.0,1.0,0.0,0.0
828,829,0.44573837865511057,0.2422187897894027,A,-1.4739758295089747,Bom,0.0,0.0,1.0,0.0,0.0
829,830,-1.4966688283296377,1.1985501726967354,B,1.3443955368048885,Regular,0.0,0.0,1.0,0.0,0.0
830,831,-0.7447692643355416,0.31333909754759337,A,1.3096008285787917,Bom,1.0,0.0,0.0,0.0,0.0
831,832,0.2577634876565865,-1.0900995125937443,A,1.3791902450309854,Regular,1.0,0.0,0.0,0.0,0.0
832,833,0.9470047546511746,-0.012971971406866066,B,0.230964873569782,Bom,0.0,1.0,0.0,0.0,0.0
833,834,-1.6219854223286538,-0.9310783082759021,A,-0.638902832082645,Ruim,0.0,0.0,0.0,1.0,0.0
834,835,3.829286416628543,3.001336817811836,B,-3.039737699683343,Ruim,0.0,0.0,1.0,0.0,0.0
835,836,0.1324468936575705,0.45871762665300186,A,-0.6736975403087418,Regular,0.0,0.0,1.0,0.0,0.0
836,837,-0.8700858583345576,0.6856548792771227,A,0.3005542900219762,Ruim,0.0,0.0,0.0,0.0,1.0
837,838,-1.6846437193281618,-0.8534069608713951,B,-0.4301345827260624,Bom,1.0,0.0,0.0,0.0,0.0
838,839,-1.6846437193281618,-0.004162715168289695,A,1.2052167039005002,Regular,0.0,0.0,1.0,0.0,0.0
839,840,1.3856128336477307,-1.0879838167439773,B,-1.3347969966045865,Ruim,0.0,1.0,0.0,0.0,0.0
840,841,-0.4941360763375096,-1.0159592394472106,B,-1.5435652459611688,Regular,1.0,0.0,0.0,0.0,0.0
841,842,-0.4941360763375096,0.40088614950519347,B,0.8572696216395294,Bom,0.0,1.0,0.0,0.0,0.0
842,843,0.2577634876565865,-0.8120759455484234,B,0.3353489982480732,Ruim,0.0,1.0,0.0,0.0,0.0
843,844,-1.2460356403316057,0.42574864730768025,A,0.8224749134134324,Regular,0.0,1.0,0.0,0.0,0.0
844,845,-0.30616118533898556,-0.7697546567905437,B,1.44877966148318,Bom,0.0,0.0,0.0,1.0,0.0
845,846,0.7590298636526506,1.069962061409512,A,-0.11698220869118878,Ruim,1.0,0.0,0.0,0.0,0.0
846,847,1.6362460216457628,0.44140627094846335,B,0.648501372282947,Ruim,0.0,1.0,0.0,0.0,0.0
847,848,-0.05552799734095352,-0.26855343601790016,A,0.7528854969612382,Regular,1.0,0.0,0.0,0.0,0.0
848,849,1.6362460216457628,0.8917619882096368,B,-0.3605451662738684,Bom,0.0,1.0,0.0,0.0,0.0
849,850,-2.0605935013252097,6.385484476545705,A,2.3186473671356067,Regular,0.0,0.0,0.0,1.0,0.0
850,851,-1.3086939373311137,0.6282976521862307,B,-1.0912340390219069,Bom,0.0,0.0,0.0,1.0,0.0
851,852,0.5083966756546185,-0.21076864669952927,A,-0.5693134156304507,Ruim,0.0,1.0,0.0,0.0,0.0
852,853,0.0071302996585544875,1.1877529978257997,A,0.43973312292636463,Bom,0.0,0.0,0.0,1.0,0.0
853,854,0.0071302996585544875,-0.6793375319496364,A,0.5441172476046559,Ruim,0.0,1.0,0.0,0.0,0.0
854,855,-0.8700858583345576,-0.13123961513425123,A,-0.4301345827260624,Ruim,0.0,0.0,1.0,0.0,0.0
855,856,-0.24350288833947756,-1.0856666260513754,A,0.2657595817958793,Ruim,1.0,0.0,0.0,0.0,0.0
856,857,1.3856128336477307,-1.2121955583349933,B,1.483574369709277,Regular,0.0,1.0,0.0,0.0,0.0
857,858,-0.5567943733370176,-0.3209175226131752,B,0.40493841470026737,Ruim,1.0,0.0,0.0,0.0,0.0
858,859,0.0697885966580625,-0.9868702644535519,B,1.0660378709961116,Ruim,0.0,0.0,1.0,0.0,0.0
859,860,-0.24350288833947756,-0.47896073976701337,B,1.1356272874483062,Ruim,1.0,0.0,0.0,0.0,0.0
860,861,1.2602962396487147,-0.1201131682030732,B,-0.708492248534839,Ruim,0.0,0.0,1.0,0.0,0.0
861,862,-1.1833773433320978,0.9112455566101032,B,-0.3953398744999653,Regular,0.0,0.0,1.0,0.0,0.0
862,863,0.1324468936575705,0.05943593754212343,A,-0.32575045804777114,Ruim,1.0,0.0,0.0,0.0,0.0
863,864,-0.6821109673360336,-0.5458275405380423,A,-0.6041081238565478,Ruim,0.0,0.0,1.0,0.0,0.0
864,865,-0.05552799734095352,1.228899719085203,A,-0.46492929095215957,Ruim,1.0,0.0,0.0,0.0,0.0
865,866,0.6963715666531426,0.4202935430260512,B,-1.0912340390219069,Ruim,1.0,0.0,0.0,0.0,0.0
866,867,-0.5567943733370176,0.8848300741652789,B,0.43973312292636463,Bom,1.0,0.0,0.0,0.0,0.0
867,868,1.6989043186452708,0.6690438410141447,B,-1.1956181637001981,Ruim,1.0,0.0,0.0,0.0,0.0
868,869,-0.11818629434046153,-0.8527115579381964,B,0.3005542900219762,Bom,1.0,0.0,0.0,0.0,0.0
869,870,-1.2460356403316057,0.3781860353819112,B,-0.638902832082645,Ruim,1.0,0.0,0.0,0.0,0.0
870,871,1.6989043186452708,-0.0682601904774285,B,-0.708492248534839,Bom,0.0,0.0,1.0,0.0,0.0
871,872,1.3229545366482227,0.5481862513800765,B,0.5093225393785585,Regular,1.0,0.0,0.0,0.0,0.0
872,873,-1.4966688283296377,-0.6685133272827106,A,0.022196624213199654,Bom,1.0,0.0,0.0,0.0,0.0
873,874,-0.8074275613350497,1.3179432388389791,A,0.2657595817958793,Bom,0.0,0.0,1.0,0.0,0.0
874,875,-0.36881948233849354,-1.3950103548866246,B,-0.3953398744999653,Ruim,0.0,0.0,0.0,1.0,0.0
875,876,-0.5567943733370176,0.718886784819802,B,-0.012598084012897609,Regular,0.0,0.0,1.0,0.0,0.0
876,877,-1.4340105313301297,-0.29827638259023453,A,0.230964873569782,Ruim,1.0,0.0,0.0,0.0,0.0
877,878,-1.1833773433320978,-1.2391958672748753,A,-0.08218750046509152,Regular,0.0,1.0,0.0,0.0,0.0
878,879,-0.5567943733370176,1.1233016779146097,B,0.8572696216395294,Ruim,1.0,0.0,0.0,0.0,0.0
879,880,0.5083966756546185,0.10185797372142084,A,1.5879584943875678,Regular,0.0,0.0,0.0,1.0,0.0
880,881,-0.36881948233849354,1.2807060089814104,A,-0.04739279223899456,Bom,0.0,1.0,0.0,0.0,0.0
881,882,0.0071302996585544875,0.9731216741396956,A,1.3096008285787917,Bom,0.0,0.0,1.0,0.0,0.0
882,883,1.3856128336477307,-0.6669161120651167,B,-0.3953398744999653,Ruim,0.0,1.0,0.0,0.0,0.0
883,884,-1.3713522343306217,-1.0067617370480497,A,0.4745278311524616,Ruim,0.0,1.0,0.0,0.0,0.0
884,885,-0.8700858583345576,1.146660336158377,B,1.3443955368048885,Regular,0.0,1.0,0.0,0.0,0.0
885,886,0.6963715666531426,-0.9561570444463092,A,-1.0564393307958098,Regular,0.0,1.0,0.0,0.0,0.0
886,887,0.44573837865511057,0.8316477219277596,A,-1.2304128719262952,Bom,0.0,0.0,0.0,1.0,0.0
887,888,0.0697885966580625,0.9656098481086419,A,0.40493841470026737,Ruim,0.0,1.0,0.0,0.0,0.0
888,889,-1.9979352043257017,6.119130409605545,A,-2.587406492744081,Regular,0.0,0.0,0.0,1.0,0.0
889,890,-1.2460356403316057,-0.16326992338246382,B,-0.29095574982167416,Regular,0.0,0.0,1.0,0.0,0.0
890,891,1.0096630516506826,-0.34085076852874857,A,0.230964873569782,Bom,0.0,0.0,1.0,0.0,0.0
891,892,-1.1833773433320978,0.9721756312800437,A,1.6575479108397624,Regular,1.0,0.0,0.0,0.0,0.0
892,893,0.6963715666531426,0.26554304647463733,A,-1.3695917048306834,,0.0,0.0,1.0,0.0,0.0
893,894,-0.36881948233849354,-0.20441418738768583,A,-0.9868499143436157,Ruim,0.0,0.0,1.0,0.0,0.0
894,895,-0.9954024523335736,0.45043913731750285,A,-1.160823455474101,Bom,1.0,0.0,0.0,0.0,0.0
895,896,-1.0580607493330816,0.983815644335033,A,0.6832960805090439,Ruim,0.0,0.0,0.0,1.0,0.0
896,897,-0.4314777793380016,0.9053112877631958,B,-1.160823455474101,Ruim,0.0,1.0,0.0,0.0,0.0
897,898,0.8216881606521586,0.24434922916425506,B,0.5093225393785585,Regular,0.0,1.0,0.0,0.0,0.0
898,899,1.2602962396487147,-0.9208807034251094,B,0.8920643298656266,Ruim,0.0,0.0,1.0,0.0,0.0
899,900,-0.5567943733370176,-0.8923200380803473,A,-1.6827440788655572,Regular,0.0,1.0,0.0,0.0,0.0
900,901,1.5109294276467466,-0.07725128352539222,B,-0.9172604978914215,Ruim,0.0,0.0,0.0,1.0,0.0
901,902,0.0697885966580625,-1.3100950221567833,B,-1.4391811212828776,Regular,0.0,0.0,0.0,1.0,0.0
902,903,-0.11818629434046153,0.8400392449555805,B,1.0660378709961116,Bom,0.0,0.0,0.0,1.0,0.0
903,904,0.8843464576516666,0.25332312143295266,B,0.61370666405685,Bom,0.0,0.0,1.0,0.0,0.0
904,905,0.2577634876565865,-1.4129532249156578,A,0.5789119558307527,Regular,1.0,0.0,0.0,0.0,0.0
905,906,0.1324468936575705,1.2626894213269497,B,-0.7780816649870332,Ruim,0.0,0.0,0.0,1.0,0.0
906,907,0.2577634876565865,-0.9048495771488273,B,-0.3605451662738684,Bom,0.0,0.0,0.0,1.0,0.0
907,908,1.0723213486501906,0.4910673779447331,A,0.19617016534368503,Regular,0.0,1.0,0.0,0.0,0.0
908,909,-0.8074275613350497,-1.0367254945301136,A,0.8920643298656266,Bom,1.0,0.0,0.0,0.0,0.0
909,910,0.6963715666531426,-0.5015650209772404,B,0.3005542900219762,Regular,0.0,0.0,1.0,0.0,0.0
910,911,1.1349796456496986,0.8991779813276349,B,-0.22136633336947995,Ruim,0.0,0.0,1.0,0.0,0.0
911,912,-0.11818629434046153,-0.7064852761403729,A,-0.9172604978914215,Regular,1.0,0.0,0.0,0.0,0.0
912,913,1.6362460216457628,-0.2004752089356809,A,0.8920643298656266,Ruim,0.0,0.0,1.0,0.0,0.0
913,914,1.0096630516506826,-0.4502870407299293,B,-0.11698220869118878,Bom,0.0,1.0,0.0,0.0,0.0
914,915,4.8318191686206715,3.5825536064775783,B,2.5622103247182864,Bom,0.0,0.0,1.0,0.0,0.0
915,916,0.9470047546511746,0.39547281854464,B,1.6923426190658593,Regular,0.0,1.0,0.0,0.0,0.0
916,917,1.1349796456496986,0.9110809205799819,A,0.3353489982480732,Regular,0.0,0.0,0.0,1.0,0.0
917,918,-0.4941360763375096,-1.351541528426258,A,-1.6827440788655572,Ruim,1.0,0.0,0.0,0.0,0.0
918,919,0.8843464576516666,0.7163803855552701,A,1.4139849532570825,Bom,0.0,1.0,0.0,0.0,0.0
919,920,1.2602962396487147,-0.4673895298290901,A,-0.8476710814392273,Bom,0.0,0.0,0.0,1.0,0.0
920,921,-0.4314777793380016,0.20239407127933165,A,0.8224749134134324,Bom,0.0,0.0,1.0,0.0,0.0
921,922,0.6337132696536346,1.1275797574435806,B,-0.3605451662738684,Bom,0.0,1.0,0.0,0.0,0.0
922,923,1.3229545366482227,-0.15824729583667593,A,1.44877966148318,Regular,0.0,0.0,0.0,1.0,0.0
923,924,0.1324468936575705,0.36909173765834885,A,-1.4391811212828776,Bom,1.0,0.0,0.0,0.0,0.0
924,925,0.1324468936575705,0.8702683858891832,B,-1.4739758295089747,Regular,0.0,1.0,0.0,0.0,0.0
925,926,1.1349796456496986,-0.5643159209952383,B,0.230964873569782,Ruim,0.0,0.0,0.0,1.0,0.0
926,927,-0.7447692643355416,-0.4130915841934359,B,-0.04739279223899456,Ruim,0.0,0.0,1.0,0.0,0.0
927,928,1.5735877246462546,-1.3518683432323195,A,0.230964873569782,Ruim,1.0,0.0,0.0,0.0,0.0
928,929,0.9470047546511746,-0.888936399073229,A,0.5441172476046559,Bom,0.0,0.0,0.0,1.0,0.0
929,930,0.19510519065707851,-1.4216445329535503,B,-1.0912340390219069,Regular,0.0,1.0,0.0,0.0,0.0
930,931,0.0697885966580625,0.6171196029172535,A,-0.15177691691728573,Ruim,0.0,0.0,1.0,0.0,0.0
931,932,1.0723213486501906,0.9343388314023318,B,-0.4301345827260624,Bom,0.0,0.0,0.0,1.0,0.0
932,933,-0.6194526703365256,-1.030469325385507,B,-1.3695917048306834,Regular,0.0,0.0,1.0,0.0,0.0
933,934,1.3229545366482227,-1.1726337660222796,B,1.44877966148318,Regular,1.0,0.0,0.0,0.0,0.0
934,935,-0.36881948233849354,-1.397774765840153,B,-1.508770537735072,Bom,0.0,1.0,0.0,0.0,0.0
935,936,1.2602962396487147,0.13128850704622655,A,-1.4043864130567807,Bom,0.0,0.0,1.0,0.0,0.0
936,937,1.0096630516506826,1.3607977517541177,B,0.648501372282947,Bom,1.0,0.0,0.0,0.0,0.0
937,938,-1.3086939373311137,-1.1259410220765542,B,1.0660378709961116,Bom,0.0,1.0,0.0,0.0,0.0
938,939,0.9470047546511746,1.0664629314558907,B,1.2052167039005002,Bom,0.0,0.0,1.0,0.0,0.0
939,940,1.1976379426492068,-1.3926415618562236,A,-0.22136633336947995,Ruim,0.0,0.0,1.0,0.0,0.0
940,941,-0.6194526703365256,-0.9573488127240525,A,-0.638902832082645,Bom,0.0,1.0,0.0,0.0,0.0
941,942,1.5735877246462546,0.9702712592898354,A,-1.7871282035438485,Regular,1.0,0.0,0.0,0.0,0.0
942,943,0.44573837865511057,-0.01707558588899221,B,-6.18078179323637e-16,Bom,0.0,0.0,0.0,1.0,0.0
943,944,-1.3713522343306217,0.9058273111411878,B,-0.7780816649870332,Regular,1.0,0.0,0.0,0.0,0.0
944,945,0.32042178465609455,-0.230861614136862,B,1.4139849532570825,Regular,1.0,0.0,0.0,0.0,0.0
945,946,1.2602962396487147,0.36232200238993084,B,-0.012598084012897609,Regular,0.0,0.0,1.0,0.0,0.0
946,947,-1.2460356403316057,1.3578785337871917,A,-0.8128763732131303,Ruim,1.0,0.0,0.0,0.0,0.0
947,948,1.1976379426492068,-0.9434653266018891,A,-0.6736975403087418,Regular,0.0,0.0,1.0,0.0,0.0
948,949,1.1976379426492068,0.30782256191144197,A,0.09178604066539386,Ruim,0.0,0.0,1.0,0.0,0.0
949,950,-0.9954024523335736,-1.3082422525043746,A,0.8920643298656266,Regular,1.0,0.0,0.0,0.0,0.0
950,951,1.3229545366482227,-1.0803220982078878,A,1.1008325792222093,Ruim,0.0,1.0,0.0,0.0,0.0
951,952,1.2602962396487147,-1.4248979374890802,A,-0.9172604978914215,Bom,0.0,0.0,0.0,1.0,0.0
952,953,-0.24350288833947756,0.14203407957936287,B,-0.6041081238565478,Bom,0.0,0.0,1.0,0.0,0.0
953,954,-0.24350288833947756,-0.6077577176596148,B,1.483574369709277,Ruim,1.0,0.0,0.0,0.0,0.0
954,955,-0.8700858583345576,-0.9297022459345903,A,-1.5783599541872662,Ruim,0.0,0.0,0.0,1.0,0.0
955,956,0.8843464576516666,0.25018520784392556,A,0.2657595817958793,Ruim,0.0,0.0,0.0,1.0,0.0
956,957,0.5083966756546185,1.3950469605276952,A,0.022196624213199654,Bom,0.0,0.0,0.0,1.0,0.0
957,958,-0.18084459133996955,0.9432046044870691,B,-0.7780816649870332,Ruim,0.0,1.0,0.0,0.0,0.0
958,959,0.8843464576516666,-0.08792068117892034,B,-1.7175387870916543,Ruim,0.0,0.0,1.0,0.0,0.0
959,960,-1.2460356403316057,-0.7144050063654585,A,-1.64794937063946,Bom,0.0,0.0,0.0,1.0,0.0
960,961,0.8843464576516666,1.3695578629090757,A,-1.160823455474101,Regular,0.0,0.0,0.0,1.0,0.0
961,962,1.1976379426492068,-0.15606525412402436,B,0.5789119558307527,Regular,0.0,0.0,1.0,0.0,0.0
962,963,-0.8700858583345576,0.44073789781125494,A,-1.0912340390219069,Ruim,0.0,0.0,0.0,1.0,0.0
963,964,1.6989043186452708,1.237114319811998,B,0.43973312292636463,Regular,0.0,0.0,0.0,1.0,0.0
964,965,-1.2460356403316057,0.4871996598639747,A,-0.012598084012897609,,0.0,1.0,0.0,0.0,0.0
965,966,-1.3086939373311137,0.18949594408371448,A,-1.613154662413363,Regular,1.0,0.0,0.0,0.0,0.0
966,967,-1.6219854223286538,0.620505699178553,B,1.4139849532570825,Bom,0.0,1.0,0.0,0.0,0.0
967,968,-1.1207190463325898,-1.3536351089883967,A,1.0660378709961116,Bom,0.0,0.0,0.0,1.0,0.0
968,969,-1.4340105313301297,0.3628847135973603,A,0.056991332439296605,Bom,0.0,1.0,0.0,0.0,0.0
969,970,1.0723213486501906,-0.24563954078087819,A,0.6832960805090439,Bom,0.0,1.0,0.0,0.0,0.0
970,971,-0.8074275613350497,-0.2284952783606419,A,-0.4301345827260624,Ruim,0.0,0.0,0.0,1.0,0.0
971,972,-1.3086939373311137,-1.018713821384015,A,-0.11698220869118878,Regular,1.0,0.0,0.0,0.0,0.0
972,973,-0.9327441553340656,-0.6269537873209141,B,0.16137545711758777,Regular,0.0,0.0,0.0,1.0,0.0
973,974,-1.4340105313301297,0.283166473460152,A,-0.4301345827260624,Ruim,1.0,0.0,0.0,0.0,0.0
974,975,1.4482711306472387,-0.935248268620913,,1.240011412126597,Regular,0.0,1.0,0.0,0.0,0.0
975,976,-1.5593271253291456,1.4043525821108163,A,0.2657595817958793,Regular,0.0,0.0,1.0,0.0,0.0
976,977,-0.5567943733370176,0.7798094877272,B,0.19617016534368503,Regular,0.0,0.0,0.0,1.0,0.0
977,978,0.32042178465609455,-0.6654786183692819,A,-0.708492248534839,Bom,0.0,0.0,1.0,0.0,0.0
978,979,0.0071302996585544875,0.5785701993270767,B,-0.8128763732131303,Ruim,0.0,0.0,1.0,0.0,0.0
979,980,1.3856128336477307,-1.107686080766545,A,0.8224749134134324,Regular,1.0,0.0,0.0,0.0,0.0
980,981,1.2602962396487147,0.325600795910354,A,-1.7523334953177514,Regular,0.0,0.0,0.0,1.0,0.0
981,982,0.5710549726541265,-1.221938571162317,A,-6.18078179323637e-16,Regular,1.0,0.0,0.0,0.0,0.0
982,983,0.6337132696536346,0.5499923332030479,A,-0.8824657896653244,Regular,0.0,1.0,0.0,0.0,0.0
983,984,-0.8700858583345576,1.024473372012434,B,0.8224749134134324,Bom,0.0,0.0,0.0,1.0,0.0
984,985,-0.7447692643355416,0.1125691446960245,B,-0.5693134156304507,Regular,0.0,1.0,0.0,0.0,0.0
985,986,-0.6821109673360336,1.356443497345538,B,1.0312431627700147,Regular,0.0,0.0,1.0,0.0,0.0
986,987,-1.0580607493330816,-1.1933557905299266,B,1.5879584943875678,Ruim,0.0,0.0,0.0,1.0,0.0
987,988,-1.2460356403316057,1.3250299598967348,A,-0.04739279223899456,Ruim,0.0,0.0,1.0,0.0,0.0
988,989,0.7590298636526506,-0.8408110759400305,B,1.4139849532570825,Regular,0.0,1.0,0.0,0.0,0.0
989,990,1.5109294276467466,-0.05926664017528359,A,-0.3605451662738684,Bom,1.0,0.0,0.0,0.0,0.0
990,991,0.0071302996585544875,0.9297314798131182,A,-0.6041081238565478,Regular,0.0,1.0,0.0,0.0,0.0
991,992,-1.3713522343306217,-1.2363036791039397,B,-1.613154662413363,Bom,0.0,1.0,0.0,0.0,0.0
992,993,-1.5593271253291456,1.0878582436091078,B,0.3353489982480732,Ruim,0.0,0.0,1.0,0.0,0.0
993,994,-0.9954024523335736,-0.7581072719730118,B,1.6227532026136653,Bom,0.0,0.0,0.0,1.0,0.0
994,995,1.3856128336477307,0.5204241936441111,A,0.2657595817958793,Ruim,0.0,0.0,1.0,0.0,0.0
995,996,0.19510519065707851,1.127594500968666,B,-1.508770537735072,Ruim,0.0,0.0,0.0,1.0,0.0
996,997,1.6362460216457628,-0.6940491127307677,A,-0.8476710814392273,Ruim,0.0,0.0,0.0,1.0,0.0
997,998,1.4482711306472387,0.6530274582629484,B,0.8920643298656266,Bom,1.0,0.0,0.0,0.0,0.0
998,999,0.9470047546511746,0.024139938487476517,B,0.230964873569782,Ruim,0.0,0.0,1.0,0.0,0.0
999,1000,-0.24350288833947756,0.813594275460585,A,-0.4301345827260624,Regular,0.0,0.0,0.0,1.0,0.0
